face_id,pred_label,pred_name,pred_confidence,prob_background,prob_rivet,prob_surface_feature
1,0,background,0.9007039666175842,0.9007039666175842,0.001562170102261,0.09788678586483
2,0,background,0.8507353067398071,0.8507353067398071,0.0015419115079566,0.1479509174823761
3,0,background,0.927867829799652,0.927867829799652,0.001597618102096,0.0706474035978317
4,0,background,0.8549070358276367,0.8549070358276367,0.0015599427279084,0.1437572985887527
5,0,background,0.8405866026878357,0.8405866026878357,0.0015359100652858,0.1581203490495681
6,0,background,0.9453547596931458,0.9453547596931458,0.0015788670862093,0.0531502775847911
7,0,background,0.8429147601127625,0.8429147601127625,0.0015431826468557,0.1557824313640594
8,0,background,0.853413999080658,0.853413999080658,0.0015487477649003,0.1452621966600418
9,0,background,0.8773984909057617,0.8773984909057617,0.0015456870896741,0.1212432384490966
10,0,background,0.9156156778335572,0.9156156778335572,0.0016966502880677,0.0828282311558723
11,0,background,0.8168466091156006,0.8168466091156006,0.0015333797782659,0.1818989515304565
12,0,background,0.9026544094085692,0.9026544094085692,0.0015454082749783,0.0959484577178955
13,0,background,0.9292091727256776,0.9292091727256776,0.0016896171728149,0.0692181661725044
14,0,background,0.8734396696090698,0.8734396696090698,0.0015475390246137,0.1252066195011139
15,0,background,0.8672417998313904,0.8672417998313904,0.0015524618793278,0.1314097642898559
16,0,background,0.8586045503616333,0.8586045503616333,0.0015470483340322,0.1400651037693023
17,0,background,0.946250021457672,0.946250021457672,0.0015815135557204,0.0522511266171932
18,0,background,0.8381891846656799,0.8381891846656799,0.0015368310268968,0.1605206578969955
19,0,background,0.8556313514709473,0.8556313514709473,0.0015616237651556,0.143030360341072
20,0,background,0.929027020931244,0.929027020931244,0.0016022011404857,0.0694821625947952
21,0,background,0.8196660876274109,0.8196660876274109,0.0015345892170444,0.1790741235017776
22,0,background,0.8555596470832825,0.8555596470832825,0.0015411055646836,0.1431198120117187
23,0,background,0.90157151222229,0.90157151222229,0.0015619597397744,0.0970180854201316
24,0,background,0.916515588760376,0.916515588760376,0.0015520628076046,0.0820597261190414
25,0,background,0.8831989765167236,0.8831989765167236,0.0015584602952003,0.1154224351048469
26,0,background,0.9062453508377076,0.9062453508377076,0.0015595195582136,0.0923391357064247
27,0,background,0.9063844680786132,0.9063844680786132,0.0015593308489769,0.0921999737620353
28,0,background,0.9105592966079712,0.9105592966079712,0.0015631768619641,0.0880151093006134
29,0,background,0.9070816040039062,0.9070816040039062,0.0015609529800713,0.0915002524852752
30,0,background,0.8015735745429993,0.8015735745429993,0.0015449478523805,0.1971860826015472
31,0,background,0.9005751013755798,0.9005751013755798,0.0015619226032868,0.0980160683393478
32,0,background,0.9041962623596193,0.9041962623596193,0.0015640284400433,0.094387374818325
33,0,background,0.9007177948951721,0.9007177948951721,0.0015619351761415,0.0978731289505958
34,0,background,0.9445520043373108,0.9445520043373108,0.0017170519568026,0.0538233406841754
35,0,background,0.9490726590156556,0.9490726590156556,0.0015854426892474,0.0494203194975853
36,0,background,0.9491262435913086,0.9491262435913086,0.001584516139701,0.0493674129247665
37,0,background,0.9494053721427916,0.9494053721427916,0.0015767141012474,0.0490953400731086
38,0,background,0.9491976499557496,0.9491976499557496,0.0015856202226132,0.0492948703467845
39,0,background,0.9011090993881226,0.9011090993881226,0.0015624081715941,0.097480796277523
40,0,background,0.8506492376327515,0.8506492376327515,0.0015464902389794,0.1480331867933273
41,2,surface_feature,0.6300634741783142,0.3693591058254242,0.0015608535613864,0.6300634741783142
42,2,surface_feature,0.7506020665168762,0.2490173727273941,0.00152596575208,0.7506020665168762
43,0,background,0.8373350501060486,0.8373350501060486,0.001584259676747,0.1613363176584243
44,0,background,0.5124362707138062,0.5124362707138062,0.0015648060943931,0.4867605865001678
45,0,background,0.8481745719909668,0.8481745719909668,0.0015948207583278,0.1504705399274826
46,2,surface_feature,0.7444890141487122,0.2551210820674896,0.001525962841697,0.7444890141487122
47,0,background,0.8821196556091309,0.8821196556091309,0.0015770256286486,0.1164870336651802
48,0,background,0.5027634501457214,0.5027634501457214,0.0015682948287576,0.4964468777179718
49,2,surface_feature,0.6275830864906311,0.3718236982822418,0.0015928843058645,0.6275830864906311
50,0,background,0.947171151638031,0.947171151638031,0.0015707389684394,0.0513387583196163
51,0,background,0.5740948915481567,0.5740948915481567,0.0016018837923184,0.424983948469162
52,0,background,0.9482241272926332,0.9482241272926332,0.0015732171013951,0.0502817891538143
53,0,background,0.9228739142417908,0.9228739142417908,0.0015885647153481,0.0756576582789421
54,2,surface_feature,0.6604343056678772,0.3390474319458008,0.0015262158121913,0.6604343056678772
55,0,background,0.9089612364768982,0.9089612364768982,0.0015785918803885,0.0896016359329223
56,0,background,0.518790602684021,0.518790602684021,0.0015650846762582,0.4803961217403412
57,0,background,0.8756387829780579,0.8756387829780579,0.0016020439798012,0.1229561269283294
58,0,background,0.536311149597168,0.536311149597168,0.0016148501308634,0.4628213942050934
59,0,background,0.9379889965057372,0.9379889965057372,0.0022405174095183,0.0599047020077705
60,2,surface_feature,0.6785520315170288,0.3209574520587921,0.0015259861247614,0.6785520315170288
61,0,background,0.8899438977241516,0.8899438977241516,0.0015865224413573,0.108641967177391
62,0,background,0.5025120377540588,0.5025120377540588,0.0015896615805104,0.4966878592967987
63,0,background,0.8268685340881348,0.8268685340881348,0.0015891274670138,0.1718153953552246
64,2,surface_feature,0.5024064183235168,0.4967686533927917,0.0016578687354922,0.5024064183235168
65,2,surface_feature,0.5251340866088867,0.4740774929523468,0.0016602711984887,0.5251340866088867
66,0,background,0.9368966817855836,0.9368966817855836,0.0015472900122404,0.0616514198482036
67,0,background,0.9003768563270569,0.9003768563270569,0.0015481521841138,0.0982270538806915
68,0,background,0.938079297542572,0.938079297542572,0.0015458166599273,0.0604683570563793
69,0,background,0.9263105988502502,0.9263105988502502,0.0015459264395758,0.0722552090883255
70,0,background,0.9339749217033386,0.9339749217033386,0.0015391508350148,0.0645853206515312
71,0,background,0.9293891191482544,0.9293891191482544,0.0015358465025201,0.0691813081502914
72,0,background,0.9339064359664916,0.9339064359664916,0.0015479899011552,0.0646456703543663
73,0,background,0.9253642559051514,0.9253642559051514,0.0015419686678797,0.0732066705822944
74,0,background,0.938664734363556,0.938664734363556,0.0015328272711485,0.0598941780626773
75,0,background,0.8591357469558716,0.8591357469558716,0.0015350641915574,0.1395434439182281
76,0,background,0.8599807620048523,0.8599807620048523,0.0015362004050984,0.1386961489915847
77,0,background,0.9505906105041504,0.9505906105041504,0.0016135036712512,0.0478731468319892
78,0,background,0.9140564203262328,0.9140564203262328,0.0015427250182256,0.084531269967556
79,0,background,0.9068212509155272,0.9068212509155272,0.0015585011569783,0.0917632430791854
80,0,background,0.8893731236457825,0.8893731236457825,0.0015597585588693,0.1092375218868255
81,0,background,0.8794025182723999,0.8794025182723999,0.001541557488963,0.1192397624254226
82,0,background,0.8772635459899902,0.8772635459899902,0.0015581703046336,0.1213674172759056
83,0,background,0.8590190410614014,0.8590190410614014,0.0015349648892879,0.139660432934761
84,0,background,0.8598961234092712,0.8598961234092712,0.0015361097175627,0.1387809365987777
85,0,background,0.9505648016929626,0.9505648016929626,0.0016134268371388,0.0478990525007247
86,0,background,0.914020299911499,0.914020299911499,0.0015426824102178,0.084567479789257
87,0,background,0.9067654609680176,0.9067654609680176,0.0015584477223455,0.0918192341923713
88,0,background,0.8892636895179749,0.8892636895179749,0.0015597312012687,0.1093471199274063
89,0,background,0.8792529702186584,0.8792529702186584,0.0015415136003866,0.1193895787000656
90,0,background,0.8770986199378967,0.8770986199378967,0.0015581495827063,0.1215326339006424
91,0,background,0.9440695643424988,0.9440695643424988,0.0015356701333075,0.0544784888625144
92,0,background,0.9440972805023192,0.9440972805023192,0.0015350941102951,0.0544511936604976
93,0,background,0.9386361241340636,0.9386361241340636,0.0015333520714193,0.0599224343895912
94,0,background,0.8417965173721313,0.8417965173721313,0.0016872540581971,0.156780794262886
95,0,background,0.8351547122001648,0.8351547122001648,0.0015468097990378,0.163551464676857
96,0,background,0.8169136643409729,0.8169136643409729,0.0016242223791778,0.181757315993309
97,0,background,0.8826010227203369,0.8826010227203369,0.0015847394242882,0.1159980297088623
98,0,background,0.8999790549278259,0.8999790549278259,0.0015821672277525,0.0985947549343109
99,0,background,0.9449214935302734,0.9449214935302734,0.0015815150691196,0.0535817667841911
100,0,background,0.9270576238632202,0.9270576238632202,0.001550109591335,0.0715030878782272
101,0,background,0.9238201975822448,0.9238201975822448,0.001560520613566,0.074735939502716
102,0,background,0.9216777682304382,0.9216777682304382,0.0015765452990308,0.0768668502569198
103,0,background,0.9280261993408204,0.9280261993408204,0.0015604174695909,0.0705234557390213
104,0,background,0.9430525302886964,0.9430525302886964,0.0015608773101121,0.0554731972515583
105,0,background,0.9216157793998718,0.9216157793998718,0.0015868864720687,0.0769193843007087
106,0,background,0.8392246961593628,0.8392246961593628,0.001686104456894,0.1593578904867172
107,0,background,0.830379843711853,0.830379843711853,0.0015477071283385,0.1683330088853836
108,0,background,0.8098226189613342,0.8098226189613342,0.001623083022423,0.1888608336448669
109,0,background,0.9003070592880249,0.9003070592880249,0.0015864325687289,0.0982623696327209
110,0,background,0.9238337278366088,0.9238337278366088,0.0015495605766773,0.0747325420379638
111,0,background,0.921122670173645,0.921122670173645,0.0015745806740596,0.0774246156215667
112,0,background,0.891590416431427,0.891590416431427,0.0015654617454856,0.1070116832852363
113,0,background,0.9215808510780334,0.9215808510780334,0.0015718477079644,0.0769683346152305
114,0,background,0.924750804901123,0.924750804901123,0.0015817410312592,0.0737841799855232
115,0,background,0.92631858587265,0.92631858587265,0.0015574671560898,0.0722364634275436
116,0,background,0.9420318007469176,0.9420318007469176,0.0015572966076433,0.0564988777041435
117,0,background,0.8851383328437805,0.8851383328437805,0.0015913138631731,0.1134509146213531
118,0,background,0.9167967438697816,0.9167967438697816,0.0015487640630453,0.0817811191082
119,0,background,0.9067440629005432,0.9067440629005432,0.0015735540073364,0.0918268635869026
120,0,background,0.8935623168945312,0.8935623168945312,0.0015774543862789,0.1050259247422218
121,0,background,0.8961442708969116,0.8961442708969116,0.0015764724230393,0.1024407371878624
122,0,background,0.8836837410926819,0.8836837410926819,0.0015961227472871,0.1149035990238189
123,0,background,0.9114612340927124,0.9114612340927124,0.0015742239775136,0.0871016457676887
124,0,background,0.8938289880752563,0.8938289880752563,0.0015696409391239,0.1047658175230026
125,0,background,0.9227728247642516,0.9227728247642516,0.00158058013767,0.0757663175463676
126,0,background,0.9260425567626952,0.9260425567626952,0.0015870030038058,0.0724854990839958
127,0,background,0.8954010009765625,0.8954010009765625,0.001594569417648,0.1031689420342445
128,0,background,0.9172978401184082,0.9172978401184082,0.0015787669690325,0.0812517032027244
129,0,background,0.8965017795562744,0.8965017795562744,0.001603145734407,0.1020587310194969
130,0,background,0.903243362903595,0.903243362903595,0.0015800053952261,0.0953272581100463
131,0,background,0.8997318744659424,0.8997318744659424,0.0015802100533619,0.0988441333174705
132,0,background,0.9111860394477844,0.9111860394477844,0.001578165218234,0.0873736515641212
133,0,background,0.9270249009132384,0.9270249009132384,0.0015478330897167,0.071538046002388
134,2,surface_feature,0.6470221877098083,0.3524321317672729,0.0015459277201443,0.6470221877098083
135,0,background,0.940708339214325,0.940708339214325,0.0015504519687965,0.0578308627009391
136,2,surface_feature,0.6471375823020935,0.3523168861865997,0.0015460279537364,0.6471375823020935
137,0,background,0.9402792453765868,0.9402792453765868,0.0015507554635405,0.0582603961229324
138,2,surface_feature,0.6467734575271606,0.352680504322052,0.0015458423877134,0.6467734575271606
139,0,background,0.941035807132721,0.941035807132721,0.0015502623282372,0.0575030967593193
140,2,surface_feature,0.6186156868934631,0.3807820975780487,0.0015790340257808,0.6186156868934631
141,0,background,0.9450581073760986,0.9450581073760986,0.0015507428906857,0.0534740723669528
142,2,surface_feature,0.6471105813980103,0.3523438572883606,0.0015459998976439,0.6471105813980103
143,0,background,0.9404786229133606,0.9404786229133606,0.0015506027266383,0.0580607838928699
144,2,surface_feature,0.6465556025505066,0.3528980314731598,0.0015458232956007,0.6465556025505066
145,0,background,0.9413375854492188,0.9413375854492188,0.001550062210299,0.0572010166943073
146,2,surface_feature,0.6141871213912964,0.385204553604126,0.0015767096774652,0.6141871213912964
147,0,background,0.9451441764831544,0.9451441764831544,0.0015504644252359,0.0533881597220897
148,2,surface_feature,0.6147051453590393,0.3846873641014099,0.0015767021104693,0.6147051453590393
149,0,background,0.945330798625946,0.945330798625946,0.0015504261245951,0.0532012544572353
150,2,surface_feature,0.6455882787704468,0.3538635671138763,0.0015466308686882,0.6455882787704468
151,0,background,0.9420292973518372,0.9420292973518372,0.0015498622087761,0.0565084069967269
152,2,surface_feature,0.6471443772315979,0.3523100912570953,0.0015460205031558,0.6471443772315979
153,0,background,0.9403156638145448,0.9403156638145448,0.001550709712319,0.058223906904459
154,2,surface_feature,0.6489921808242798,0.3504651188850403,0.0015461737057194,0.6489921808242798
155,0,background,0.9399996399879456,0.9399996399879456,0.0015494602266699,0.0585415959358215
156,2,surface_feature,0.6464444994926453,0.3530087172985077,0.0015465108444914,0.6464444994926453
157,0,background,0.9404760003089904,0.9404760003089904,0.0015513381222262,0.0580627508461475
158,2,surface_feature,0.6134424805641174,0.3859477639198303,0.001577349496074,0.6134424805641174
159,0,background,0.945237934589386,0.945237934589386,0.0015509768854826,0.0532937832176685
160,2,surface_feature,0.6142493486404419,0.38514244556427,0.0015766548458486,0.6142493486404419
161,0,background,0.9451654553413392,0.9451654553413392,0.0015504432376474,0.0533668249845504
162,2,surface_feature,0.6150804758071899,0.3843125104904175,0.00157698453404,0.6150804758071899
163,0,background,0.9454397559165956,0.9454397559165956,0.0015504010953009,0.0530921779572963
164,2,surface_feature,0.6153258681297302,0.3840673565864563,0.0015773500781506,0.6153258681297302
165,0,background,0.9455352425575256,0.9455352425575256,0.0015503806062042,0.0529965050518512
166,2,surface_feature,0.6144580245018005,0.38493412733078,0.001576607581228,0.6144580245018005
167,0,background,0.9452378749847412,0.9452378749847412,0.001550437300466,0.0532943084836006
168,2,surface_feature,0.6156052350997925,0.3837879002094269,0.0015787669690325,0.6156052350997925
169,0,background,0.9457337260246276,0.9457337260246276,0.001550474204123,0.0527976229786872
170,0,background,0.575141191482544,0.575141191482544,0.0016240258701145,0.4239232242107391
171,0,background,0.9502177834510804,0.9502177834510804,0.0020846594125032,0.0477972067892551
172,0,background,0.9525765180587769,0.9525765180587769,0.0018064323812723,0.0456995777785778
173,0,background,0.9473205804824828,0.9473205804824828,0.0016379264416173,0.0511252507567405
174,0,background,0.9417999386787416,0.9417999386787416,0.0017193894600495,0.0565779320895671
175,0,background,0.9466956257820128,0.9466956257820128,0.0017081088153645,0.0516845732927322
176,2,surface_feature,0.5529481172561646,0.4463365077972412,0.001600194722414,0.5529481172561646
177,0,background,0.949518084526062,0.949518084526062,0.0017258510924875,0.0488403439521789
178,0,background,0.950419306755066,0.950419306755066,0.0017173232045024,0.0479456521570682
179,0,background,0.9524987936019896,0.9524987936019896,0.0018697397317737,0.0457169376313686
180,0,background,0.9529218673706056,0.9529218673706056,0.001876704278402,0.0452864170074462
181,0,background,0.6076876521110535,0.6076876521110535,0.0015843464061617,0.3913480341434479
182,0,background,0.9503986835479736,0.9503986835479736,0.001546993269585,0.0481288023293018
183,0,background,0.9287844896316528,0.9287844896316528,0.0015591594856232,0.0697651654481887
184,0,background,0.9251399636268616,0.9251399636268616,0.0015562871703878,0.0734180137515068
185,0,background,0.9482591152191162,0.9482591152191162,0.0015424694865942,0.0502759888768196
186,0,background,0.9264224767684937,0.9264224767684937,0.0015576266450807,0.0721322149038314
187,0,background,0.9224701523780824,0.9224701523780824,0.0015542973997071,0.0760937854647636
188,0,background,0.9162560105323792,0.9162560105323792,0.0015529482625424,0.0823189094662666
189,0,background,0.9140012860298156,0.9140012860298156,0.0015436242101714,0.0845856368541717
190,0,background,0.9161685109138488,0.9161685109138488,0.0015441344585269,0.0824146270751953
191,0,background,0.9161006808280944,0.9161006808280944,0.0015451352810487,0.0824816450476646
192,0,background,0.915662169456482,0.915662169456482,0.0015480209840461,0.082918144762516
193,0,background,0.9149208068847656,0.9149208068847656,0.0015507451025769,0.083658218383789
194,0,background,0.9147753119468688,0.9147753119468688,0.0015531397657468,0.083801731467247
195,0,background,0.9152156114578248,0.9152156114578248,0.0015549525851383,0.0833590701222419
196,0,background,0.9155330061912536,0.9155330061912536,0.0015535538550466,0.0830424204468727
197,0,background,0.9146490693092346,0.9146490693092346,0.0015518515137955,0.0839292779564857
198,0,background,0.9156838059425354,0.9156838059425354,0.0015548340743407,0.0828901976346969
199,0,background,0.9211280941963196,0.9211280941963196,0.0015605972148478,0.0774321481585502
200,0,background,0.9306085109710692,0.9306085109710692,0.0015674573369324,0.0679304450750351
201,0,background,0.9301166534423828,0.9301166534423828,0.0015797377564013,0.0684116333723068
202,0,background,0.9342871904373168,0.9342871904373168,0.0015692822635173,0.06424430757761
203,0,background,0.9336867332458496,0.9336867332458496,0.0015722869429737,0.0648428797721862
204,0,background,0.9333961606025696,0.9333961606025696,0.0015730852028355,0.0651331916451454
205,0,background,0.9330347180366516,0.9330347180366516,0.0015716822817921,0.0654965639114379
206,0,background,0.9343178272247314,0.9343178272247314,0.0015632467111572,0.0642192959785461
207,0,background,0.9159756898880004,0.9159756898880004,0.0015494247199967,0.0826028734445571
208,0,background,0.9498428702354432,0.9498428702354432,0.0015424899756908,0.0486897453665733
209,0,background,0.9504337310791016,0.9504337310791016,0.0015365030849352,0.0481036901473999
210,0,background,0.9510101079940796,0.9510101079940796,0.001537257572636,0.0475256890058517
211,0,background,0.9491050839424132,0.9491050839424132,0.0015507058706134,0.0494208112359046
212,2,surface_feature,0.5198682546615601,0.4793363511562347,0.0016566197155043,0.5198682546615601
213,2,surface_feature,0.5803097486495972,0.4190019369125366,0.0016400595195591,0.5803097486495972
214,0,background,0.610133171081543,0.610133171081543,0.0015924982726573,0.3888936042785644
215,0,background,0.9147257804870604,0.9147257804870604,0.0015441168798133,0.0838595330715179
216,0,background,0.9109092354774476,0.9109092354774476,0.0015459600836038,0.0876803174614906
217,0,background,0.912491500377655,0.912491500377655,0.0015446145553141,0.086096853017807
218,0,background,0.9129748344421388,0.9129748344421388,0.0015447462210431,0.0856126397848129
219,0,background,0.911101758480072,0.911101758480072,0.0015468944329768,0.0874866843223571
220,0,background,0.91459983587265,0.91459983587265,0.0015448108315467,0.0839851051568985
221,0,background,0.9191407561302184,0.9191407561302184,0.0015521433670073,0.0794303342700004
222,0,background,0.944040834903717,0.944040834903717,0.0015831047203391,0.0544623136520385
223,0,background,0.9195017218589784,0.9195017218589784,0.0015515686245635,0.0790693610906601
224,0,background,0.9160702228546144,0.9160702228546144,0.0015451500657945,0.082512117922306
225,0,background,0.9113519191741944,0.9113519191741944,0.0015464711468666,0.0872365087270736
226,0,background,0.9135165810585022,0.9135165810585022,0.0015454642707481,0.0850694254040718
227,0,background,0.9138078093528748,0.9138078093528748,0.0015455179382115,0.0847776979207992
228,0,background,0.9122558236122132,0.9122558236122132,0.0015459293499588,0.0863317027688026
229,0,background,0.914799988269806,0.914799988269806,0.0015430783387273,0.083786204457283
230,0,background,0.9196462631225586,0.9196462631225586,0.001551212510094,0.0789249315857887
231,0,background,0.9438104629516602,0.9438104629516602,0.0015827240422368,0.0546933524310588
232,0,background,0.9201669692993164,0.9201669692993164,0.0015518803847953,0.0784028321504592
233,0,background,0.9248112440109252,0.9248112440109252,0.001563087454997,0.0737409815192222
234,0,background,0.9225379824638368,0.9225379824638368,0.0015603356296196,0.0760202929377555
235,0,background,0.9172422885894777,0.9172422885894777,0.0015746714780107,0.0813110619783401
236,0,background,0.9220648407936096,0.9220648407936096,0.0015596412122249,0.0764948800206184
237,0,background,0.9237829446792604,0.9237829446792604,0.0015636747702956,0.0747703537344932
238,0,background,0.9242820739746094,0.9242820739746094,0.0015702366363257,0.074264258146286
239,0,background,0.924105703830719,0.924105703830719,0.0015684554819017,0.0744426399469375
240,0,background,0.922878921031952,0.922878921031952,0.0015627704560756,0.0756765305995941
241,0,background,0.922658383846283,0.922658383846283,0.0015698695788159,0.075890876352787
242,0,background,0.9227254986763,0.9227254986763,0.0015695692272856,0.0758239403367042
243,0,background,0.9236949682235718,0.9236949682235718,0.001563963596709,0.0748581066727638
244,0,background,0.9211427569389344,0.9211427569389344,0.0015607421519234,0.0774173289537429
245,0,background,0.916561484336853,0.916561484336853,0.0015761483227834,0.0819916278123855
246,0,background,0.9207900762557985,0.9207900762557985,0.0015598030295222,0.0777714550495147
247,0,background,0.793790340423584,0.793790340423584,0.0016241371631622,0.2049183845520019
248,0,background,0.5853515863418579,0.5853515863418579,0.0015677298652008,0.4137292802333832
249,0,background,0.9190494418144226,0.9190494418144226,0.001533665927127,0.0795388892292976
250,0,background,0.9196226596832277,0.9196226596832277,0.0015339734964072,0.0789644420146942
251,0,background,0.915612816810608,0.915612816810608,0.0015369919128715,0.0829777494072914
252,0,background,0.9148618578910828,0.9148618578910828,0.001536444760859,0.0837303400039672
253,0,background,0.9187034964561462,0.9187034964561462,0.001533769769594,0.0798853114247322
254,0,background,0.9187411665916444,0.9187411665916444,0.0015338829252868,0.0798474475741386
255,0,background,0.9152937531471252,0.9152937531471252,0.0015370256733149,0.0832972452044487
256,0,background,0.9162958264350892,0.9162958264350892,0.0015370006440207,0.0822936594486236
257,0,background,0.907543957233429,0.907543957233429,0.0015587563393637,0.0910391956567764
258,0,background,0.883277177810669,0.883277177810669,0.0015449646161869,0.1153561025857925
259,0,background,0.866843581199646,0.866843581199646,0.0015370124019682,0.1318220198154449
260,0,background,0.8902790546417236,0.8902790546417236,0.0015441227005794,0.1083441451191902
261,0,background,0.9135100841522216,0.9135100841522216,0.0015555981080979,0.0850666388869285
262,0,background,0.9139057993888856,0.9139057993888856,0.0015364271821454,0.0846879109740257
263,0,background,0.928296685218811,0.928296685218811,0.0015285180415958,0.0702822208404541
264,0,background,0.916136622428894,0.916136622428894,0.0015398961259052,0.0824504494667053
265,0,background,0.5442074537277222,0.5442074537277222,0.0015764003619551,0.4549333155155182
266,0,background,0.9327933192253112,0.9327933192253112,0.0015625011874362,0.0657469183206558
267,0,background,0.9352477788925172,0.9352477788925172,0.0015733381733298,0.0632784664630889
268,0,background,0.9348131418228148,0.9348131418228148,0.0015699996147304,0.0637168735265731
269,0,background,0.9346426129341124,0.9346426129341124,0.0015696235932409,0.0638880208134651
270,0,background,0.934294581413269,0.934294581413269,0.0015715806512162,0.0642347857356071
271,0,background,0.9315631985664368,0.9315631985664368,0.0015652172733098,0.0669764131307601
272,0,background,0.9341017603874208,0.9341017603874208,0.0015682843513786,0.0644310265779495
273,0,background,0.9331129193305968,0.9331129193305968,0.0015751686878502,0.0654149800539016
274,0,background,0.9345657229423524,0.9345657229423524,0.0015672978479415,0.0639672055840492
275,0,background,0.9104862213134766,0.9104862213134766,0.0015503029571846,0.0880999937653541
276,0,background,0.9507142305374146,0.9507142305374146,0.0015434126835316,0.0478161498904228
277,0,background,0.948569118976593,0.948569118976593,0.0015793330967426,0.0499303750693798
278,0,background,0.950683295726776,0.950683295726776,0.0015459617134183,0.0478446930646896
279,0,background,0.9093129634857178,0.9093129634857178,0.001564870821312,0.0892618373036384
280,0,background,0.924415647983551,0.924415647983551,0.0015487506752833,0.0741504728794097
281,0,background,0.918244242668152,0.918244242668152,0.0015428278129547,0.0803368911147117
282,0,background,0.9172273278236388,0.9172273278236388,0.00153853232041,0.0813593044877052
283,0,background,0.9194267392158508,0.9194267392158508,0.0015384297585114,0.079156570136547
284,0,background,0.9188340306282043,0.9188340306282043,0.0015379735268652,0.0797506496310234
285,0,background,0.918131411075592,0.918131411075592,0.0015397882089018,0.0804526656866073
286,0,background,0.9215609431266784,0.9215609431266784,0.0015381111297756,0.0770193859934806
287,0,background,0.9239511489868164,0.9239511489868164,0.0015440623974427,0.0746199935674667
288,0,background,0.9508758783340454,0.9508758783340454,0.0015396504895761,0.0476578585803508
289,0,background,0.9509486556053162,0.9509486556053162,0.0015350277535617,0.0475894398987293
290,0,background,0.9510160088539124,0.9510160088539124,0.0015805050497874,0.047478549182415
291,0,background,0.9509814381599426,0.9509814381599426,0.0015329068992286,0.0475585646927356
292,0,background,0.95053631067276,0.95053631067276,0.0015448175836354,0.0479930117726326
293,0,background,0.9487860202789308,0.9487860202789308,0.0015546696959063,0.0497366301715374
294,0,background,0.6076338887214661,0.6076338887214661,0.0015843440778553,0.3914018869400024
295,0,background,0.9505547285079956,0.9505547285079956,0.0015459102578461,0.0479734949767589
296,0,background,0.9291870594024658,0.9291870594024658,0.0015573558630421,0.0693635717034339
297,0,background,0.9253199696540833,0.9253199696540833,0.0015555411810055,0.0732383802533149
298,0,background,0.9481289982795716,0.9481289982795716,0.0015425428282469,0.0504061914980411
299,0,background,0.9264519810676576,0.9264519810676576,0.0015574642457067,0.072102852165699
300,0,background,0.921688675880432,0.921688675880432,0.0015546875074505,0.0768761560320854
301,0,background,0.915810525417328,0.915810525417328,0.0015530820237472,0.0827650055289268
302,0,background,0.9145680665969848,0.9145680665969848,0.001545253675431,0.0840165019035339
303,0,background,0.916329264640808,0.916329264640808,0.0015444270102307,0.0822533294558525
304,0,background,0.9158244132995604,0.9158244132995604,0.0015442550648003,0.0827591344714164
305,0,background,0.9152908325195312,0.9152908325195312,0.0015456259716302,0.0832923278212547
306,0,background,0.9154582023620604,0.9154582023620604,0.0015485435724258,0.0831220373511314
307,0,background,0.9152724742889404,0.9152724742889404,0.0015521477907896,0.0833046659827232
308,0,background,0.9153302907943726,0.9153302907943726,0.001553903799504,0.083245187997818
309,0,background,0.9149380326271056,0.9149380326271056,0.0015535139245912,0.08363838493824
310,0,background,0.9150740504264832,0.9150740504264832,0.0015537751605734,0.0835019275546073
311,0,background,0.9157998561859132,0.9157998561859132,0.0015559077728539,0.0827730372548103
312,0,background,0.921174943447113,0.921174943447113,0.0015593694988638,0.0773863643407821
313,0,background,0.9304674863815308,0.9304674863815308,0.0015670171706005,0.0680721923708915
314,0,background,0.9300537705421448,0.9300537705421448,0.0015817997045814,0.0684727504849433
315,0,background,0.9338151216506958,0.9338151216506958,0.0015692493179813,0.0647171735763549
316,0,background,0.9335458278656006,0.9335458278656006,0.0015716418856754,0.0649846494197845
317,0,background,0.9335713386535645,0.9335713386535645,0.0015722069656476,0.0649585500359535
318,0,background,0.9334983825683594,0.9334983825683594,0.00157082057558,0.0650329366326332
319,0,background,0.9342747926712036,0.9342747926712036,0.0015625978121533,0.0642630234360694
320,0,background,0.9166773557662964,0.9166773557662964,0.0015489690704271,0.0819005146622657
321,0,background,0.949905812740326,0.949905812740326,0.0015417879913002,0.0486273653805255
322,0,background,0.9504694938659668,0.9504694938659668,0.0015364219434559,0.0480679273605346
323,0,background,0.9509862661361694,0.9509862661361694,0.0015373337082564,0.0475494600832462
324,0,background,0.9490203857421876,0.9490203857421876,0.0015504837501794,0.04950587823987
325,2,surface_feature,0.504143238067627,0.495036244392395,0.001654727384448,0.504143238067627
326,2,surface_feature,0.5331527590751648,0.4660835564136505,0.0016358561115339,0.5331527590751648
327,0,background,0.6077588200569153,0.6077588200569153,0.0015920520527288,0.391272097826004
328,0,background,0.9134576320648192,0.9134576320648192,0.0015468039782717,0.0851272642612457
329,0,background,0.9107027649879456,0.9107027649879456,0.0015485576586797,0.0878848135471344
330,0,background,0.9127290844917296,0.9127290844917296,0.0015457754489034,0.0858578607439994
331,0,background,0.9127241969108582,0.9127241969108582,0.0015447903424501,0.0858636572957038
332,0,background,0.910392701625824,0.910392701625824,0.0015455208485946,0.0881980583071708
333,0,background,0.9148048162460328,0.9148048162460328,0.0015451640356332,0.0837794691324234
334,0,background,0.9197108745574952,0.9197108745574952,0.0015530466334894,0.0788585394620895
335,0,background,0.9447149634361268,0.9447149634361268,0.0015827217139303,0.0537874102592468
336,0,background,0.9192758202552797,0.9192758202552797,0.001551317400299,0.0792958512902259
337,0,background,0.9152677655220032,0.9152677655220032,0.0015421390999108,0.0833185836672782
338,0,background,0.9121599197387696,0.9121599197387696,0.0015470212092623,0.0864267647266388
339,0,background,0.9135277271270752,0.9135277271270752,0.0015467641642317,0.0850571021437645
340,0,background,0.9125574231147766,0.9125574231147766,0.0015463313320651,0.0860292837023735
341,0,background,0.9102174043655396,0.9102174043655396,0.0015478574205189,0.0883715152740478
342,0,background,0.91500324010849,0.91500324010849,0.0015476768603548,0.0835784301161766
343,0,background,0.9196841716766356,0.9196841716766356,0.0015524139162153,0.078885905444622
344,0,background,0.9445746541023254,0.9445746541023254,0.0015832727076485,0.0539274364709854
345,0,background,0.9190540909767152,0.9190540909767152,0.0015530731761828,0.0795163586735725
346,0,background,0.9260489344596864,0.9260489344596864,0.0015646696556359,0.0724998340010643
347,0,background,0.923615038394928,0.923615038394928,0.0015606068773195,0.074941262602806
348,0,background,0.919020175933838,0.919020175933838,0.0015754175838083,0.079529695212841
349,0,background,0.9248927235603333,0.9248927235603333,0.0015616480959579,0.0736606493592262
350,0,background,0.9257431626319884,0.9257431626319884,0.0015619194600731,0.072808638215065
351,0,background,0.9258926510810852,0.9258926510810852,0.0015685233520343,0.0726528316736221
352,0,background,0.9259478449821472,0.9259478449821472,0.0015704826219007,0.0725957304239273
353,0,background,0.9250330328941344,0.9250330328941344,0.0015636858297511,0.0735182464122772
354,0,background,0.9245059490203856,0.9245059490203856,0.0015714151086285,0.0740389823913574
355,0,background,0.9249354004859924,0.9249354004859924,0.0015708325663581,0.0736094340682029
356,0,background,0.925804316997528,0.925804316997528,0.0015639918856322,0.0727455094456672
357,0,background,0.9239038228988647,0.9239038228988647,0.0015601775376126,0.0746525004506111
358,0,background,0.9200881719589232,0.9200881719589232,0.001574924099259,0.0784604400396347
359,0,background,0.9247198104858398,0.9247198104858398,0.0015628531109541,0.0738327428698539
360,0,background,0.7863067984580994,0.7863067984580994,0.0016276282258331,0.2124112993478775
361,0,background,0.5785905122756958,0.5785905122756958,0.0015657180920243,0.4205021858215332
362,0,background,0.9175564646720886,0.9175564646720886,0.0015356541844084,0.0810323134064674
363,0,background,0.9185067415237428,0.9185067415237428,0.001535321585834,0.0800809413194656
364,0,background,0.915205180644989,0.915205180644989,0.0015390744665637,0.0833841040730476
365,0,background,0.9143277406692504,0.9143277406692504,0.0015363877173513,0.0842653438448906
366,0,background,0.9178583025932312,0.9178583025932312,0.0015336397336795,0.0807318985462188
367,0,background,0.918681502342224,0.918681502342224,0.0015342941042035,0.0799068138003349
368,0,background,0.9158360362052916,0.9158360362052916,0.00154108798597,0.0827504098415374
369,0,background,0.9140027165412904,0.9140027165412904,0.0015386905288323,0.0845887586474418
370,0,background,0.9251732230186462,0.9251732230186462,0.001556386356242,0.073384590446949
371,0,background,0.9193376898765564,0.9193376898765564,0.0015495576662942,0.0792355760931968
372,0,background,0.919611930847168,0.919611930847168,0.0015377413947135,0.0789717584848404
373,0,background,0.9185059666633606,0.9185059666633606,0.0015446454053744,0.0800730735063552
374,0,background,0.9264176487922668,0.9264176487922668,0.0015577444573864,0.0721369311213493
375,0,background,0.9246960282325744,0.9246960282325744,0.0015387060120701,0.0738789290189743
376,0,background,0.94167160987854,0.94167160987854,0.0015279548242688,0.0568873025476932
377,0,background,0.9298993349075316,0.9298993349075316,0.0015396132366731,0.0686668306589126
378,0,background,0.5396578907966614,0.5396578907966614,0.0015774694038555,0.4594894349575043
379,0,background,0.9332606792449952,0.9332606792449952,0.0015607599634677,0.0652804523706436
380,0,background,0.934356451034546,0.934356451034546,0.0015690177679061,0.0641751661896705
381,0,background,0.934516966342926,0.934516966342926,0.0015695668989792,0.0640139281749725
382,0,background,0.9345211386680604,0.9345211386680604,0.0015709984581917,0.0640084147453308
383,0,background,0.9341621994972228,0.9341621994972228,0.0015736948698759,0.0643654093146324
384,0,background,0.9313197135925292,0.9313197135925292,0.0015652485890313,0.0672202110290527
385,0,background,0.9341381192207336,0.9341381192207336,0.0015689356951043,0.064393974840641
386,0,background,0.932783842086792,0.932783842086792,0.0015741265378892,0.0657455325126648
387,0,background,0.9344644546508788,0.9344644546508788,0.0015650346176698,0.0640707686543464
388,0,background,0.911614179611206,0.911614179611206,0.0015500033041462,0.0869706198573112
389,0,background,0.9509060382843018,0.9509060382843018,0.0015430783387273,0.0476243682205677
390,0,background,0.9487183094024658,0.9487183094024658,0.0015788340242579,0.0497815236449241
391,0,background,0.9506367444992064,0.9506367444992064,0.0015460102586075,0.047891266644001
392,0,background,0.9093878269195556,0.9093878269195556,0.0015626276144757,0.0891888663172721
393,0,background,0.9250100255012512,0.9250100255012512,0.0015492914244532,0.0735546350479126
394,0,background,0.9189910292625428,0.9189910292625428,0.0015429499326273,0.0795888453722
395,0,background,0.917679250240326,0.917679250240326,0.0015374749200418,0.0809076651930809
396,0,background,0.9205124378204346,0.9205124378204346,0.001536356867291,0.0780711323022842
397,0,background,0.9198341965675354,0.9198341965675354,0.0015358434757217,0.0787508860230445
398,0,background,0.9197998642921448,0.9197998642921448,0.0015377575764432,0.0787835717201232
399,0,background,0.9218249917030334,0.9218249917030334,0.0015360950492322,0.076756827533245
400,0,background,0.9234429001808168,0.9234429001808168,0.0015423982404172,0.0751305669546127
401,0,background,0.950821578502655,0.950821578502655,0.0015395479276776,0.0477122962474823
402,0,background,0.9508293271064758,0.9508293271064758,0.0015342597616836,0.0477095879614353
403,0,background,0.9511398673057556,0.9511398673057556,0.0015764033887535,0.0473583824932575
404,0,background,0.951054871082306,0.951054871082306,0.0015319722006097,0.0474858805537223
405,0,background,0.95054292678833,0.95054292678833,0.0015435698442161,0.047987587749958
406,0,background,0.9485090374946594,0.9485090374946594,0.0015530318487435,0.0500155389308929
407,0,background,0.557426929473877,0.557426929473877,0.0015747104771435,0.4416939318180084
408,0,background,0.950384259223938,0.950384259223938,0.0018714471952989,0.0478338114917278
409,0,background,0.9533767700195312,0.9533767700195312,0.0016909640980884,0.0450083501636981
410,0,background,0.946399450302124,0.946399450302124,0.0015951533569023,0.0520885176956653
411,0,background,0.9435660243034364,0.9435660243034364,0.0016677458770573,0.0548577010631561
412,0,background,0.9466927647590636,0.9466927647590636,0.0015913092065602,0.0517983250319957
413,2,surface_feature,0.5433474779129028,0.4559372067451477,0.0015664376551285,0.5433474779129028
414,0,background,0.950307071208954,0.950307071208954,0.0016489428235217,0.048123326152563
415,0,background,0.951710283756256,0.951710283756256,0.0018218922195956,0.0465526282787323
416,0,background,0.9532132744789124,0.9532132744789124,0.0017540131229907,0.045111920684576
417,0,background,0.9493464231491088,0.9493464231491088,0.0016612972831353,0.0490737929940223
418,0,background,0.895121693611145,0.895121693611145,0.0015848412876948,0.1034574210643768
419,0,background,0.6091265082359314,0.6091265082359314,0.0015881549334153,0.3899045586585998
420,2,surface_feature,0.5411573052406311,0.4581058621406555,0.0016058390028774,0.5411573052406311
421,2,surface_feature,0.7762704491615295,0.2233656942844391,0.0016263206489384,0.7762704491615295
422,0,background,0.5555420517921448,0.5555420517921448,0.0015594067517668,0.4435903131961822
423,0,background,0.8837151527404785,0.8837151527404785,0.0015453919768333,0.1149170249700546
424,2,surface_feature,0.5582138895988464,0.4410792291164398,0.0016000674804672,0.5582138895988464
425,0,background,0.6584540605545044,0.6584540605545044,0.0015955324051901,0.3404936492443084
426,0,background,0.925750732421875,0.925750732421875,0.0015524287009611,0.0728098824620246
427,0,background,0.9034923911094666,0.9034923911094666,0.001549529726617,0.0951054245233535
428,0,background,0.559623122215271,0.559623122215271,0.0015563989290967,0.4395045042037964
429,2,surface_feature,0.8008525967597961,0.1988404542207718,0.0015412963693961,0.8008525967597961
430,2,surface_feature,0.5284098982810974,0.4708400964736938,0.0015903754392638,0.5284098982810974
431,0,background,0.9179753065109252,0.9179753065109252,0.0015791525365784,0.0805727690458297
432,2,surface_feature,0.5311015248298645,0.4681607484817505,0.0015733457403257,0.5311015248298645
433,2,surface_feature,0.6491236686706543,0.3503174483776092,0.0015928024658933,0.6491236686706543
434,2,surface_feature,0.7953847646713257,0.2042843550443649,0.0016170701710507,0.7953847646713257
435,2,surface_feature,0.6558775901794434,0.3435738980770111,0.0015939713921397,0.6558775901794434
436,2,surface_feature,0.5645113587379456,0.4348116219043731,0.0015546134673058,0.5645113587379456
437,2,surface_feature,0.8091158270835876,0.1905918270349502,0.0015315141063183,0.8091158270835876
438,2,surface_feature,0.561193585395813,0.438122808933258,0.0015578661113977,0.561193585395813
439,0,background,0.8689069747924805,0.8689069747924805,0.0015440065180882,0.1297493726015091
440,0,background,0.8893190026283264,0.8893190026283264,0.0015480010770261,0.1093022003769874
441,0,background,0.9178153872489928,0.9178153872489928,0.0015873262891545,0.0807254537940025
442,0,background,0.9171268939971924,0.9171268939971924,0.0015679253265261,0.0814329013228416
443,0,background,0.9232025146484376,0.9232025146484376,0.0015502159949392,0.0753641203045845
444,0,background,0.9356966018676758,0.9356966018676758,0.0015863358275964,0.0628167688846588
445,0,background,0.9265211820602416,0.9265211820602416,0.0015399795956909,0.0720497742295265
446,0,background,0.9072664380073548,0.9072664380073548,0.0015629535773769,0.0913133174180984
447,0,background,0.9295094013214112,0.9295094013214112,0.0015678229974582,0.0690309703350067
448,0,background,0.8521152138710022,0.8521152138710022,0.0015851468779146,0.1465319246053695
449,0,background,0.9430752396583556,0.9430752396583556,0.0015617990866303,0.055449541658163
450,0,background,0.9456918835639954,0.9456918835639954,0.0015811214689165,0.0528104677796363
451,0,background,0.940682590007782,0.940682590007782,0.0015576347941532,0.0578498840332031
452,0,background,0.9225237369537354,0.9225237369537354,0.0015684165991842,0.0760270953178405
453,0,background,0.8458775877952576,0.8458775877952576,0.0015752759063616,0.1527877897024154
454,0,background,0.8362202048301697,0.8362202048301697,0.0015831212513148,0.1624538749456405
455,0,background,0.9424285292625428,0.9424285292625428,0.0015359896933659,0.0561216622591018
456,0,background,0.9395222663879396,0.9395222663879396,0.0015403793659061,0.0590282939374446
457,0,background,0.8901047110557556,0.8901047110557556,0.001544878585264,0.1085180640220642
458,0,background,0.8293154239654541,0.8293154239654541,0.0015756846405565,0.1693757623434066
459,0,background,0.8231070041656494,0.8231070041656494,0.0015759620582684,0.1755938082933426
460,0,background,0.9221641421318054,0.9221641421318054,0.0015689162537455,0.0763868242502212
461,0,background,0.9196646809577942,0.9196646809577942,0.0015580856706947,0.0789001509547233
462,0,background,0.8774855136871338,0.8774855136871338,0.0015899423742666,0.1211171373724937
463,0,background,0.9248232245445251,0.9248232245445251,0.0015741534298285,0.0737186521291732
464,0,background,0.919444739818573,0.919444739818573,0.0015902883606031,0.0790906995534896
465,0,background,0.8508386611938477,0.8508386611938477,0.0015541976317763,0.1478368937969207
466,0,background,0.9140102863311768,0.9140102863311768,0.0015725983539596,0.0845500901341438
467,0,background,0.9193856120109558,0.9193856120109558,0.0015802648849785,0.0791592821478843
468,0,background,0.8971070647239685,0.8971070647239685,0.0015565257053822,0.1014943495392799
469,1,rivet,0.9987053871154784,0.0012130242539569,0.9987053871154784,0.0630215927958488
470,0,background,0.89483642578125,0.89483642578125,0.0044828951358795,0.1011340469121933
471,1,rivet,0.998622179031372,0.0013037580065429,0.998622179031372,0.053753662854433
472,0,background,0.9286415576934814,0.9286415576934814,0.001603742595762,0.0698667839169502
473,0,background,0.9217864274978638,0.9217864274978638,0.0016139661893248,0.0767234861850738
474,0,background,0.8949461579322815,0.8949461579322815,0.001587547827512,0.1036307588219642
475,1,rivet,0.9986957907676696,0.0012276184279471,0.9986957907676696,0.0587258152663707
476,1,rivet,0.998706579208374,0.0012199055636301,0.998706579208374,0.0568378120660781
477,1,rivet,0.998706579208374,0.0012198915937915,0.998706579208374,0.0568485893309116
478,1,rivet,0.9987066984176636,0.00121977168601,0.9987066984176636,0.0568543672561645
479,1,rivet,0.9987066984176636,0.0012197714531794,0.9987066984176636,0.0568545944988727
480,1,rivet,0.998706579208374,0.0012198926415294,0.998706579208374,0.0568478181958198
481,1,rivet,0.998706579208374,0.001219906262122,0.998706579208374,0.0568372868001461
482,1,rivet,0.998675525188446,0.0012462662998586,0.998675525188446,0.059048730880022
483,1,rivet,0.9986795783042908,0.0012426298344507,0.9986795783042908,0.0589144304394722
484,1,rivet,0.9987013339996338,0.001221933751367,0.9987013339996338,0.0590854212641716
485,1,rivet,0.9987021684646606,0.0012256067711859,0.9987021684646606,0.0556502789258956
486,1,rivet,0.9987021684646606,0.0012255349429324,0.9987021684646606,0.0557057112455368
487,1,rivet,0.9987021684646606,0.0012255383189767,0.9987021684646606,0.0557030402123928
488,1,rivet,0.9987021684646606,0.0012255385518074,0.9987021684646606,0.0557028986513614
489,1,rivet,0.9987021684646606,0.0012255359906703,0.9987021684646606,0.0557048991322517
490,1,rivet,0.9987021684646606,0.0012256078189238,0.9987021684646606,0.0556495040655136
491,1,rivet,0.9986880421638488,0.0012336914660409,0.9986880421638488,0.0596561133861541
492,0,background,0.9328423738479614,0.9328423738479614,0.001605344354175,0.0656576752662658
493,0,background,0.9322893023490906,0.9322893023490906,0.0015832085628062,0.066232293844223
494,1,rivet,0.998271107673645,0.0016401089960709,0.998271107673645,0.0513527430593967
495,1,rivet,0.9790207147598268,0.0197789389640092,0.9790207147598268,0.0572157688438892
496,1,rivet,0.9883456230163574,0.0109697198495268,0.9883456230163574,0.0587467402219772
497,0,background,0.9359099268913268,0.9359099268913268,0.0015664905076846,0.0626216977834701
498,0,background,0.9297609329223632,0.9297609329223632,0.0015837363898754,0.068764179944992
499,0,background,0.9055104851722716,0.9055104851722716,0.0015356928342953,0.0930967703461647
500,1,rivet,0.9985812902450562,0.0013399084564298,0.9985812902450562,0.0555442944169044
501,0,background,0.0012457309057936,0.0012457309057936,0.9986434578895568,0.0816865339875221
502,1,rivet,0.9985950589179992,0.001321873278357,0.9985950589179992,0.05912546813488
503,1,rivet,0.9985972046852112,0.0013199740787968,0.9985972046852112,0.0590401105582714
504,1,rivet,0.9985889792442322,0.001332969055511,0.9985889792442322,0.055315762758255
505,0,background,0.0012377507518976,0.0012377507518976,0.998645007610321,0.0865256637334823
506,1,rivet,0.9986101388931274,0.0013089317362755,0.9986101388931274,0.0582283735275268
507,0,background,0.9161345362663268,0.9161345362663268,0.0015476973494514,0.0824453979730606
508,0,background,0.9174724817276,0.9174724817276,0.0015344555722549,0.0811174884438514
509,0,background,0.9191038608551024,0.9191038608551024,0.0016246375162154,0.0794004574418068
510,0,background,0.9269797205924988,0.9269797205924988,0.0015668619889765,0.0715654864907264
511,0,background,0.9303955435752868,0.9303955435752868,0.0015856707468628,0.0681267827749252
512,0,background,0.9254767894744872,0.9254767894744872,0.0015607435489073,0.0730765238404274
513,0,background,0.9388925433158876,0.9388925433158876,0.0015460939612239,0.0596535876393318
514,0,background,0.9172576069831848,0.9172576069831848,0.001586329890415,0.0812850296497345
515,0,background,0.8931995034217834,0.8931995034217834,0.0015570815885439,0.1054076254367828
516,0,background,0.8701621890068054,0.8701621890068054,0.0015371477929875,0.1284982115030288
517,0,background,0.9106969833374025,0.9106969833374025,0.0015506660565733,0.0878886580467224
518,0,background,0.9528966546058656,0.9528966546058656,0.0015295444754883,0.0456436239182949
519,0,background,0.8772268891334534,0.8772268891334534,0.0015363877173513,0.1214232817292213
520,0,background,0.9512861967086792,0.9512861967086792,0.0015463678864762,0.0472405068576335
521,0,background,0.8069936633110046,0.8069936633110046,0.0015313690528273,0.1917686462402343
522,0,background,0.8574239015579224,0.8574239015579224,0.0015554130077362,0.1412403285503387
523,0,background,0.93516343832016,0.93516343832016,0.0017085026483982,0.0632360875606536
524,0,background,0.8699011206626892,0.8699011206626892,0.0015587310772389,0.1287408322095871
525,0,background,0.8929375410079956,0.8929375410079956,0.0015412830980494,0.1056840792298317
526,0,background,0.8835108876228333,0.8835108876228333,0.0015415914822369,0.1151249855756759
527,0,background,0.9264423847198486,0.9264423847198486,0.0015626528766006,0.0721076056361198
528,0,background,0.7900010943412781,0.7900010943412781,0.0015792052727192,0.2087493538856506
529,0,background,0.924148678779602,0.924148678779602,0.0015623985091224,0.0744051337242126
530,0,background,0.9236343502998352,0.9236343502998352,0.0015629742993041,0.0749198123812675
531,0,background,0.7820054292678833,0.7820054292678833,0.0015771960606798,0.2167592644691467
532,0,background,0.925454080104828,0.925454080104828,0.0015636517200618,0.0730965882539749
533,0,background,0.9432467818260192,0.9432467818260192,0.0016118929488584,0.0552303716540336
534,0,background,0.9434267282485962,0.9434267282485962,0.0016052107093855,0.0550564229488372
535,0,background,0.9165380597114564,0.9165380597114564,0.0015842620050534,0.0820075720548629
536,0,background,0.9180272221565248,0.9180272221565248,0.0015973176341503,0.0805040001869201
537,0,background,0.8578726649284363,0.8578726649284363,0.0015406492166221,0.1408036053180694
538,0,background,0.8921958208084106,0.8921958208084106,0.0015423108125105,0.1064260229468345
539,0,background,0.8664652109146118,0.8664652109146118,0.0015486077172681,0.1321908980607986
540,0,background,0.935435950756073,0.935435950756073,0.0016890455735847,0.0629814118146896
541,0,background,0.8762332797050476,0.8762332797050476,0.0015534608392044,0.1224033907055854
542,0,background,0.9247515201568604,0.9247515201568604,0.0017054326599463,0.073668748140335
543,0,background,0.8953399658203125,0.8953399658203125,0.0046373535878956,0.1004886552691459
544,0,background,0.9277663826942444,0.9277663826942444,0.0015881918370723,0.0707578286528587
545,1,rivet,0.9936621189117432,0.0059096002951264,0.9936621189117432,0.0675747320055961
546,1,rivet,0.9972832202911376,0.002575813094154,0.9972832202911376,0.051887396723032
547,1,rivet,0.9984616041183472,0.0014589811908081,0.9984616041183472,0.051621738821268
548,1,rivet,0.9884258508682252,0.0109049482271075,0.9884258508682252,0.0578185841441154
549,1,rivet,0.9931951761245728,0.0064010741189122,0.9931951761245728,0.0593328662216663
550,0,background,0.8962982892990112,0.8962982892990112,0.0015876513207331,0.1022764220833778
551,1,rivet,0.9986963868141174,0.0012203869409859,0.9986963868141174,0.0638426914811134
552,1,rivet,0.9987057447433472,0.0012207513209432,0.9987057447433472,0.0567924156785011
553,1,rivet,0.9987057447433472,0.0012207373511046,0.9987057447433472,0.0568032450973987
554,1,rivet,0.9987057447433472,0.001220729900524,0.9987057447433472,0.0568090192973613
555,1,rivet,0.9987057447433472,0.001220729551278,0.9987057447433472,0.0568092800676822
556,1,rivet,0.9987057447433472,0.0012207382824271,0.9987057447433472,0.0568025074899196
557,1,rivet,0.9987057447433472,0.0012207520194351,0.9987057447433472,0.0567919313907623
558,1,rivet,0.998681366443634,0.0012381195556372,0.998681366443634,0.0610586181282997
559,1,rivet,0.9986841082572936,0.0012369410833343,0.9986841082572936,0.059997770935297
560,1,rivet,0.9987010955810548,0.001217076787725,0.9987010955810548,0.0629974603652954
561,1,rivet,0.9987010955810548,0.0012222776422277,0.9987010955810548,0.0589934103190898
562,1,rivet,0.9987012147903442,0.0012265625409781,0.9987012147903442,0.0556078553199768
563,1,rivet,0.9987013339996338,0.0012263781391084,0.9987013339996338,0.0556631870567798
564,1,rivet,0.9987013339996338,0.001226381631568,0.9987013339996338,0.055660493671894
565,1,rivet,0.9987013339996338,0.0012263817479833,0.9987013339996338,0.0556603670120239
566,1,rivet,0.9987013339996338,0.0012263791868463,0.9987013339996338,0.0556623712182045
567,1,rivet,0.9987013339996338,0.0012264510150998,0.9987013339996338,0.0556070916354656
568,1,rivet,0.998691737651825,0.0012302413815632,0.998691737651825,0.0596371293067932
569,0,background,0.9229626059532166,0.9229626059532166,0.0015487611526623,0.0756057202816009
570,0,background,0.911410629749298,0.911410629749298,0.001540025928989,0.0871836319565773
571,1,rivet,0.9986194372177124,0.0013064817758277,0.9986194372177124,0.053660050034523
572,0,background,0.0012458126293495,0.0012458126293495,0.9986434578895568,0.081626296043396
573,1,rivet,0.9986151456832886,0.0013068082043901,0.9986151456832886,0.0563569031655788
574,1,rivet,0.9986116886138916,0.001309365266934,0.9986116886138916,0.0568648613989353
575,1,rivet,0.9986182451248168,0.0013072474393993,0.9986182451248168,0.0539222843945026
576,1,rivet,0.9985896944999696,0.0013317610137164,0.9985896944999696,0.0556932426989078
577,0,background,0.0012376788072288,0.0012376788072288,0.9986451268196106,0.0864984616637229
578,1,rivet,0.9986134767532348,0.0013075785245746,0.9986134767532348,0.0569371506571769
579,0,background,0.9352742433547974,0.9352742433547974,0.0017103315331041,0.0631233751773834
580,0,background,0.8653355240821838,0.8653355240821838,0.001558591495268,0.1333136707544326
581,0,background,0.8675074577331543,0.8675074577331543,0.0015462222509086,0.1311491280794143
582,0,background,0.9523881673812866,0.9523881673812866,0.0015567702939733,0.0461269244551658
583,0,background,0.8875752687454224,0.8875752687454224,0.0015504173934459,0.1110464856028556
584,0,background,0.9534851312637328,0.9534851312637328,0.0015431010397151,0.0450412444770336
585,0,background,0.8526042103767395,0.8526042103767395,0.0015553863486275,0.1460676342248916
586,0,background,0.8647447824478149,0.8647447824478149,0.0015376666560769,0.1339234560728073
587,0,background,0.9087923765182496,0.9087923765182496,0.0015508374199271,0.0897960066795349
588,0,background,0.8566129207611084,0.8566129207611084,0.0015419400297105,0.1420642435550689
589,0,background,0.8399142622947693,0.8399142622947693,0.0015389418695122,0.1587911993265152
590,0,background,0.8915457725524902,0.8915457725524902,0.0015603542560711,0.107060968875885
591,0,background,0.8931350111961365,0.8931350111961365,0.0015423394506797,0.1054853722453117
592,0,background,0.8589048981666565,0.8589048981666565,0.0015407468890771,0.1397697329521179
593,0,background,0.8660863041877747,0.8660863041877747,0.0015486822230741,0.1325703114271164
594,0,background,0.9356183409690856,0.9356183409690856,0.0016911210259422,0.0627967864274978
595,0,background,0.8758859038352966,0.8758859038352966,0.001553475507535,0.1227513030171394
596,0,background,0.897164523601532,0.897164523601532,0.0015547503717243,0.1014384850859642
597,0,background,0.8446131944656372,0.8446131944656372,0.0015315631171688,0.1540912687778473
598,0,background,0.8419204354286194,0.8419204354286194,0.0015296303899958,0.1567897647619247
599,0,background,0.8997814655303955,0.8997814655303955,0.0015541057800874,0.0988180115818977
600,0,background,0.8438590168952942,0.8438590168952942,0.0016518373740836,0.1547447293996811
601,0,background,0.8655164837837219,0.8655164837837219,0.0015459160786122,0.1331434249877929
602,0,background,0.8647680878639221,0.8647680878639221,0.001541651552543,0.1338966488838195
603,0,background,0.8335400223731995,0.8335400223731995,0.0015372524503618,0.1651766002178192
604,0,background,0.8110624551773071,0.8110624551773071,0.0015461427392438,0.1876815557479858
605,0,background,0.8307565450668335,0.8307565450668335,0.0015333797782659,0.1679676324129104
606,0,background,0.9453327655792236,0.9453327655792236,0.0015495605766773,0.0532001554965972
607,0,background,0.9456000924110411,0.9456000924110411,0.0015498055145144,0.0529321543872356
608,0,background,0.9489439725875854,0.9489439725875854,0.001539566903375,0.0495928116142749
609,0,background,0.9483765959739684,0.9483765959739684,0.0015465167816728,0.0501544289290905
610,0,background,0.949938952922821,0.949938952922821,0.001540666911751,0.0485952422022819
611,0,background,0.9479038715362548,0.9479038715362548,0.0015496491687372,0.0506249330937862
612,0,background,0.9495257139205932,0.9495257139205932,0.0015541760949417,0.0489962920546531
613,0,background,0.8037816286087036,0.8037816286087036,0.0015388443134725,0.194979578256607
614,0,background,0.8864672183990479,0.8864672183990479,0.0015484690666198,0.1121579855680465
615,0,background,0.887596070766449,0.887596070766449,0.0015525262570008,0.1110237836837768
616,0,background,0.7969473600387573,0.7969473600387573,0.0015415766974911,0.2018222212791443
617,0,background,0.9300315380096436,0.9300315380096436,0.0015182623174041,0.0685542523860931
618,0,background,0.9194748997688292,0.9194748997688292,0.0015258284984156,0.0791199803352356
619,0,background,0.9329802989959716,0.9329802989959716,0.0015510027296841,0.0655703544616699
620,0,background,0.8249846696853638,0.8249846696853638,0.0015336836222559,0.1737481355667114
621,0,background,0.9484992623329164,0.9484992623329164,0.0015691358130425,0.0500100590288639
622,0,background,0.9443612098693848,0.9443612098693848,0.0015356593066826,0.0541863329708576
623,0,background,0.8407359719276428,0.8407359719276428,0.00154241733253,0.1579652726650238
624,0,background,0.8509519696235657,0.8509519696235657,0.0015438293339684,0.1477322280406952
625,0,background,0.9532168507575988,0.9532168507575988,0.0015354604693129,0.0453172288835048
626,0,background,0.843509316444397,0.843509316444397,0.001810248941183,0.1549609303474426
627,0,background,0.8660881519317627,0.8660881519317627,0.0015484292525798,0.1325687021017074
628,0,background,0.863078236579895,0.863078236579895,0.0015453250380232,0.1355859637260437
629,0,background,0.8374006152153015,0.8374006152153015,0.0015440301503986,0.1613044142723083
630,0,background,0.8012446165084839,0.8012446165084839,0.0015506320632994,0.1975110173225402
631,0,background,0.8028222322463989,0.8028222322463989,0.0015514828264713,0.1959302276372909
632,0,background,0.8374451994895935,0.8374451994895935,0.0015447462210431,0.1612591296434402
633,0,background,0.8621304631233215,0.8621304631233215,0.0015457813860848,0.1365348100662231
634,0,background,0.8650992512702942,0.8650992512702942,0.0015493481187149,0.1335583329200744
635,0,background,0.847724199295044,0.847724199295044,0.0018142686458304,0.150735005736351
636,0,background,0.8619472980499268,0.8619472980499268,0.0015494580147787,0.1367150545120239
637,0,background,0.8498059511184692,0.8498059511184692,0.0018100921297445,0.1486530005931854
638,0,background,0.8589901328086853,0.8589901328086853,0.0015459588030353,0.1396798491477966
639,0,background,0.8363634347915649,0.8363634347915649,0.0015448424965143,0.1623425334692001
640,0,background,0.8082531690597534,0.8082531690597534,0.0015514193801209,0.1904909610748291
641,0,background,0.8447577953338623,0.8447577953338623,0.0015599435428157,0.1539223045110702
642,0,background,0.9362986087799072,0.9362986087799072,0.0015410718042403,0.0622562766075134
643,0,background,0.9460349678993224,0.9460349678993224,0.0015325887361541,0.0525128953158855
644,0,background,0.9512302279472352,0.9512302279472352,0.0015476060798391,0.0472953543066978
645,0,background,0.9281097054481506,0.9281097054481506,0.0015583023196086,0.0704417750239372
646,0,background,0.950324773788452,0.950324773788452,0.0015614192234352,0.0481890626251697
647,0,background,0.9262339472770692,0.9262339472770692,0.0015659953933209,0.0723132789134979
648,0,background,0.923098623752594,0.923098623752594,0.0015643560327589,0.0754549875855445
649,0,background,0.944319188594818,0.944319188594818,0.0015356183284893,0.0542284622788429
650,0,background,0.908168613910675,0.908168613910675,0.0015635265735909,0.0904092118144035
651,0,background,0.9461597204208374,0.9461597204208374,0.0015322661492973,0.0523882880806922
652,0,background,0.915869414806366,0.915869414806366,0.0015581138432025,0.0827013403177261
653,0,background,0.9226599335670472,0.9226599335670472,0.0015472237719222,0.0759102925658226
654,0,background,0.9441871047019958,0.9441871047019958,0.0015358851524069,0.0543605014681816
655,0,background,0.9170023202896118,0.9170023202896118,0.0015573707642033,0.0815673246979713
656,0,background,0.835218608379364,0.835218608379364,0.001564921461977,0.163472294807434
657,0,background,0.9160900115966796,0.9160900115966796,0.0015494618564844,0.0824882909655571
658,0,background,0.9426882266998292,0.9426882266998292,0.0016272028442472,0.0557753443717956
659,0,background,0.8964763879776001,0.8964763879776001,0.0015664958627894,0.1021171361207962
660,0,background,0.9118677377700806,0.9118677377700806,0.0015473960665985,0.0867190584540367
661,0,background,0.9442131519317628,0.9442131519317628,0.0015940873418003,0.054279301315546
662,0,background,0.9257612824440002,0.9257612824440002,0.0015578096499666,0.0727943331003189
663,0,background,0.9405027627944946,0.9405027627944946,0.0015594302676618,0.0580282732844352
664,0,background,0.9253588914871216,0.9253588914871216,0.0015579869505017,0.0731971561908721
665,0,background,0.9098025560379028,0.9098025560379028,0.001546356244944,0.0887883603572845
666,0,background,0.8935179114341736,0.8935179114341736,0.001571261906065,0.1050759777426719
667,0,background,0.9134277701377868,0.9134277701377868,0.001548740430735,0.0851553604006767
668,0,background,0.87947016954422,0.87947016954422,0.0015491682570427,0.1191652193665504
