face_id,solid_index,surface_type,area,center_x,center_y,center_z,normal_x,normal_y,normal_z
1,1,6,0.001672,-0.179845,7.888365,-6.661473,-0.020969,-0.999780,0.000000
2,1,6,0.001696,-0.181917,7.940689,-6.661473,-0.054682,0.998504,0.000000
3,1,0,0.045664,-0.231548,7.917878,-6.662435,-0.000000,-0.000000,-1.000000
4,1,0,0.045664,-0.231548,7.917878,-6.660512,0.000000,0.000000,1.000000
5,2,6,0.153679,0.384833,7.942415,-0.767677,-0.679624,0.000000,0.733561
6,2,0,0.135230,-0.111146,7.939732,-1.296663,-0.957874,0.000000,0.287188
7,2,0,0.059907,-0.393218,7.939160,-1.642898,0.162122,0.000000,0.986771
8,2,0,0.139509,-0.476017,7.935776,-1.238423,0.975490,-0.000000,-0.220045
9,2,0,0.237440,-0.019577,7.933901,-0.311516,-0.161974,-0.000000,-0.986795
10,2,6,0.151634,-0.583293,7.929864,-0.582197,0.954757,0.000000,0.297387
11,2,0,0.950537,-0.126331,8.026689,-0.787800,0.000000,-1.000000,0.000000
12,2,6,11.837909,-0.193020,7.493555,-6.686206,0.006390,0.875421,0.483318
13,2,6,0.350482,-0.141461,7.970499,-6.282108,-0.051155,0.997260,-0.053446
14,2,6,0.197628,-0.071362,7.882694,-6.230529,-0.020606,-0.999668,-0.015454
15,2,6,0.786327,-0.126332,7.879877,-5.906320,-0.020608,-0.999741,-0.009660
16,2,6,0.798196,-0.130406,7.974540,-5.906320,-0.054207,0.998000,-0.032525
17,2,6,1.428361,-0.122398,7.877291,-5.250528,-0.020610,-0.999744,-0.009385
18,2,6,1.449916,-0.126915,7.984877,-5.250528,-0.054245,0.998008,-0.032205
19,2,6,2.300955,-0.120181,7.876772,-4.295107,-0.020575,-0.999781,-0.003744
20,2,6,2.336085,-0.125610,8.002767,-4.295106,-0.054200,0.997840,-0.037125
21,2,6,3.581631,-0.133118,8.025725,-3.034450,-0.054290,0.997886,-0.035716
22,2,6,3.529002,-0.126903,7.874583,-3.034448,-0.021191,-0.999718,-0.010709
23,2,0,0.865996,-0.522982,7.967966,-0.055369,0.000000,-0.000000,1.000000
24,2,6,7.451681,-0.167194,8.050463,-1.143886,-0.053992,0.997754,-0.039645
25,2,6,6.387876,-0.162378,7.858991,-1.197476,-0.031266,-0.999186,-0.025501
26,3,0,0.098800,-0.240549,7.926853,-6.513340,0.000000,0.000000,1.000000
27,3,0,0.045664,-0.231548,7.917878,-6.660512,-0.000000,-0.000000,-1.000000
28,3,6,0.158818,-0.173485,7.885752,-6.582251,-0.020210,-0.996676,-0.078915
29,3,6,0.166733,-0.180155,7.950607,-6.582251,-0.049037,0.964274,-0.260329
30,4,6,0.041809,-0.200153,7.891349,-6.758522,-0.019339,-0.995183,-0.096107
31,4,6,0.047566,-0.206775,7.920407,-6.758523,-0.039530,0.890340,-0.453577
32,4,0,0.045664,-0.231548,7.917878,-6.662435,0.000000,-0.000000,1.000000
33,4,6,0.045179,-0.188055,7.889479,-6.690271,-0.020120,-0.995620,-0.091305
34,4,6,0.048018,-0.192399,7.935761,-6.690271,-0.048268,0.952733,-0.299952
35,4,0,0.003410,-0.218126,7.900297,-6.811038,-0.000000,-0.000000,-1.000000
36,5,0,0.942926,-0.124816,8.026689,1.791837,0.000000,-1.000000,-0.000000
37,5,0,0.208290,0.123483,7.923325,1.334999,-0.161974,0.000000,0.986795
38,5,6,0.175902,0.385139,7.930080,1.767587,-0.679624,-0.000000,-0.733561
39,5,0,0.154146,-0.111172,7.927569,2.296749,-0.957874,-0.000000,-0.287188
40,5,0,0.068180,-0.393128,7.927071,2.642913,0.162122,-0.000000,-0.986771
41,5,0,0.158344,-0.476058,7.923504,2.238605,0.975490,0.000000,0.220045
42,5,6,0.161268,-0.580046,7.917542,1.604277,0.941881,0.000000,-0.335946
43,5,0,0.805601,-0.536652,7.948390,1.255155,-0.000000,-0.000000,-1.000000
44,5,6,7.450879,-0.178402,8.028587,2.343761,-0.053995,0.997754,0.039648
45,5,6,3.581620,-0.144162,8.003829,4.234236,-0.054284,0.997887,0.035712
46,5,6,2.336086,-0.136656,7.980882,5.494892,-0.054201,0.997840,0.037126
47,5,6,1.449917,-0.137961,7.962992,6.450313,-0.054246,0.998008,0.032205
48,5,6,0.789833,-0.134267,7.953170,7.103707,-0.054208,0.998000,0.032526
49,5,6,0.207942,-0.226449,7.912229,7.320825,-0.004718,-0.769505,0.638624
50,5,6,0.653250,-0.114023,7.858373,7.064464,-0.020608,-0.999741,0.009659
51,5,6,0.031175,-0.281922,7.976901,7.382517,-0.015025,0.998829,0.045982
52,5,6,0.000214,0.599148,7.876492,7.363967,0.033957,-0.999317,0.014553
53,5,6,0.001845,0.504208,7.896901,7.364023,0.178222,0.980992,0.076761
54,5,6,1.428361,-0.133444,7.855405,6.450313,-0.020610,-0.999744,0.009386
55,5,6,2.300956,-0.131227,7.854885,5.494892,-0.020578,-0.999781,0.003745
56,5,6,3.529004,-0.137949,7.852695,4.234234,-0.021200,-0.999718,0.010712
57,5,6,6.394052,-0.175453,7.837484,2.425670,-0.028801,-0.999276,0.024875
58,6,0,0.098800,-0.251594,7.904967,7.713125,0.000000,0.000000,-1.000000
59,6,0,0.045664,-0.242594,7.895992,7.860298,-0.000000,-0.000000,1.000000
60,6,6,0.158819,-0.184530,7.863866,7.782037,-0.020210,-0.996676,0.078916
61,6,6,0.166733,-0.191201,7.928722,7.782036,-0.049038,0.964273,0.260334
62,7,6,0.041809,-0.211198,7.869463,7.958307,-0.019340,-0.995183,0.096108
63,7,6,0.047566,-0.217821,7.898522,7.958308,-0.039528,0.890333,0.453591
64,7,0,0.045664,-0.242594,7.895992,7.862220,0.000000,-0.000000,-1.000000
65,7,6,0.045179,-0.199101,7.867593,7.890056,-0.020120,-0.995620,0.091306
66,7,6,0.048018,-0.203445,7.913876,7.890057,-0.048269,0.952731,0.299957
67,7,0,0.003410,-0.229172,7.878411,8.010823,-0.000000,-0.000000,1.000000
68,8,6,0.297723,-3.286383,9.490525,0.289120,-0.436189,0.608162,-0.663234
69,8,0,0.006089,-3.055970,9.312267,0.130000,0.000000,0.000000,-1.000000
70,8,0,0.277013,-3.020455,9.485424,0.479996,0.998958,0.045631,0.000000
71,8,6,0.297958,-3.286532,9.490761,0.670950,-0.436571,0.607604,0.663493
72,8,0,0.006093,-3.055963,9.312169,0.830000,0.000000,0.000000,1.000000
73,8,0,0.382415,-3.296102,9.294014,0.480001,-0.053299,-0.998579,0.000000
74,8,6,0.007728,-3.357579,9.546154,0.480000,-0.571407,0.820667,0.000000
75,9,0,0.003349,-5.133841,7.497250,0.111405,-0.999998,0.001822,0.000000
76,9,6,0.571767,-4.195234,7.412179,0.114550,-0.000042,-0.023042,0.999734
77,9,0,0.027048,-4.271475,7.573519,0.115215,0.052270,0.998633,0.000000
78,9,0,0.024609,-4.069086,7.252440,0.112048,-0.052270,-0.998633,0.000000
79,9,0,0.000153,-3.300935,7.213547,0.125000,0.000000,0.000000,1.000000
80,9,0,0.004987,-4.985534,7.603411,0.125000,0.000000,0.000000,1.000000
81,9,0,0.002958,-3.267848,7.349093,0.110352,0.998633,-0.052270,0.000000
82,9,0,0.564500,-4.197278,7.410591,0.105000,0.000000,0.000000,-1.000000
83,9,6,41.609008,-0.791668,8.496426,0.497969,0.043640,0.837918,0.544049
84,9,0,0.003315,-5.133843,7.456057,0.778546,-0.999998,0.001822,0.000000
85,9,6,0.571767,-4.195234,7.372179,0.775450,-0.000042,-0.023042,-0.999734
86,9,0,0.026673,-4.274790,7.533693,0.774679,0.052270,0.998633,0.000000
87,9,0,0.024609,-4.069086,7.212440,0.777952,-0.052270,-0.998633,0.000000
88,9,0,0.000153,-3.300935,7.173547,0.765000,0.000000,0.000000,-1.000000
89,9,0,0.004987,-4.985534,7.563411,0.765000,0.000000,0.000000,-1.000000
90,9,0,0.002958,-3.267848,7.309093,0.779648,0.998633,-0.052270,0.000000
91,9,0,0.555797,-4.191934,7.368011,0.785000,0.000000,0.000000,1.000000
92,9,0,0.639960,-4.176770,7.734321,0.108055,0.000000,0.000000,1.000000
93,9,0,0.718580,-4.183119,7.714310,0.781786,0.000000,0.000000,-1.000000
94,9,0,0.298884,-3.253447,7.677556,0.449916,-1.000000,0.000000,0.000000
95,9,0,0.243391,-5.200054,7.718158,0.452605,1.000000,0.000000,0.000000
96,9,0,1.311490,-4.226751,7.900000,0.444920,0.000000,-1.000000,0.000000
97,9,0,0.354526,-3.753381,9.140430,0.492468,-1.000000,0.000000,0.000000
98,9,0,0.000581,-3.753589,8.992147,0.492463,0.000000,1.000000,0.000000
99,9,0,3.059981,-4.979351,8.991023,0.492471,0.000000,1.000000,0.000000
100,9,0,0.001572,-3.753796,8.991585,0.492463,-1.000000,0.000000,0.000000
101,9,6,0.154418,-0.622925,7.849027,-0.407632,0.997851,0.000000,0.065518
102,9,0,0.528488,-0.017948,7.820251,-0.311784,-0.161974,-0.000000,-0.986795
103,9,6,0.072200,0.604302,7.886427,-0.530130,-0.950730,0.000000,0.310019
104,9,0,0.464800,-0.065001,8.026689,-0.496860,0.000000,-1.000000,0.000000
105,9,0,0.430508,-0.067678,8.026689,1.482229,0.000000,-1.000000,-0.000000
106,9,6,0.060272,0.609271,7.893537,1.517095,-0.956431,0.000000,-0.291957
107,9,0,0.514374,-0.021376,7.825560,1.311221,-0.161974,0.000000,0.986795
108,9,6,0.141242,-0.623897,7.852889,1.394598,0.997925,-0.000000,-0.064391
109,9,0,0.009061,-4.702958,8.375262,-0.369239,-0.308659,0.000000,-0.951173
110,9,0,0.101855,-4.073376,8.123703,-0.573540,-0.308659,0.000000,-0.951173
111,9,0,0.095728,-4.130157,8.123189,1.555114,-0.308659,0.000000,0.951173
112,9,6,0.336396,-3.165497,8.501168,-0.498078,0.000000,-0.713665,0.700487
113,9,6,0.322799,-3.020920,8.381165,-0.594641,0.000000,-0.523431,0.852068
114,9,6,0.299520,-2.917260,8.229816,-0.658696,0.000000,-0.243195,0.969978
115,9,6,0.295642,-2.896243,8.062104,-0.672336,0.000000,0.092048,0.995755
116,9,6,0.017751,-4.714247,7.598215,-0.147572,-0.710889,-0.700734,-0.060062
117,9,6,0.376527,-2.980620,7.887664,-0.617569,0.000000,0.468193,0.883626
118,9,6,0.556078,-3.207876,7.726130,-0.475082,0.000000,0.802700,0.596383
119,9,0,0.172570,-4.467112,8.165452,-0.338363,-0.000000,-0.255397,-0.966836
120,9,6,0.315019,-2.963466,8.229770,1.628708,0.000000,-0.243195,-0.969978
121,9,6,0.337781,-3.067082,8.381099,1.564682,0.000000,-0.523431,-0.852068
122,9,6,0.350121,-3.211388,8.501132,1.468114,0.000000,-0.713665,-0.700487
123,9,6,0.295900,-3.350063,8.583930,1.370142,0.000000,-0.812680,-0.582710
124,9,6,0.003678,-4.714080,8.631143,1.329320,-0.691811,0.612026,0.383172
125,9,0,0.005301,-2.979933,9.349402,0.830000,0.000000,0.000000,1.000000
126,9,0,0.244576,-2.958724,9.535341,0.478234,0.998958,0.045631,0.000000
127,9,6,0.037436,-2.995160,9.628752,0.253417,-0.258704,0.576294,-0.775214
128,9,6,0.000675,-3.001409,9.765994,0.480000,-0.363590,0.931559,0.000000
129,9,0,0.226557,-3.022155,9.522649,0.478088,-0.998958,-0.045631,0.000000
130,9,6,0.037436,-2.995160,9.628752,0.706583,-0.258705,0.576295,0.775214
131,9,0,0.005992,-2.979951,9.343928,0.130000,0.000000,0.000000,-1.000000
132,9,0,0.552681,-2.651407,8.389014,0.490000,1.000000,0.000000,0.000000
133,9,6,0.398989,6.019735,8.775090,0.737043,0.066054,0.905140,0.419950
134,9,6,0.614679,6.675621,8.295970,0.904517,0.131803,-0.230487,0.964108
135,9,6,0.321928,6.328021,7.932965,0.485706,0.066823,-0.997715,-0.010009
136,9,6,0.588005,6.660256,8.294330,0.073421,0.129931,-0.232273,-0.963933
137,9,6,0.347206,6.055316,8.758347,0.207743,0.066140,0.875703,-0.478299
138,9,1,0.000905,6.693611,7.933550,0.485577,-0.000000,-0.999953,-0.009701
139,9,2,1.370895,7.092053,8.400501,0.485152,-0.003020,0.998333,0.057639
140,9,1,0.079838,6.501872,8.805888,0.315434,-0.000000,0.912772,-0.408469
141,9,0,3.352727,6.082225,9.751898,0.400000,0.000000,0.000000,-1.000000
142,9,0,0.209589,-2.023569,7.999964,-0.465257,-1.000000,0.000000,0.000000
143,9,6,2.448766,-3.142348,8.048225,-0.303792,-0.036534,-0.358050,-0.932987
144,9,0,0.294053,-2.023569,8.024571,1.391232,-1.000000,0.000000,-0.000000
145,9,6,0.573991,-3.245592,7.726243,1.445219,0.000000,0.802700,-0.596383
146,9,6,0.780433,-3.373569,7.625766,1.211767,0.000000,0.975627,-0.219436
147,9,6,0.335366,-3.373569,7.601839,1.007804,-0.000000,0.998514,0.054490
148,9,0,0.677522,-3.373569,7.692085,1.037944,-0.000000,-0.733321,0.679882
149,9,0,0.673778,-3.373569,7.883319,1.195885,-0.000000,-0.528422,0.848982
150,9,0,0.959891,-3.373569,8.161112,1.307217,-0.000000,-0.255397,0.966836
151,9,0,0.765696,-3.373569,8.474081,1.338656,-0.000000,0.098449,0.995142
152,9,6,8.659651,-1.385548,7.972972,1.451197,-0.000000,0.375582,0.926789
153,9,6,0.018588,-4.714252,7.601812,1.139543,-0.711387,-0.698069,0.081416
154,9,0,0.021485,-4.723569,8.144234,1.244959,0.000000,0.000000,1.000000
155,9,0,0.019786,4.087779,8.869058,1.028979,-0.120223,0.537374,-0.834731
156,9,6,3.894865,2.957365,8.116722,1.348345,0.054605,0.320356,0.945722
157,9,6,0.394747,-3.026761,7.887764,1.587623,0.000000,0.468193,-0.883626
158,9,6,0.311303,-2.942465,8.062123,1.642338,0.000000,0.092048,-0.995755
159,9,0,0.000807,-4.723569,7.622545,1.212438,-1.000000,0.000000,-0.000000
160,9,6,0.958676,4.496140,8.397617,1.225837,0.239895,0.377471,0.894408
161,9,0,0.017463,1.776431,7.885520,1.450494,0.000000,0.000000,1.000000
162,9,1,26.485494,2.373593,8.389014,0.490000,0.000000,0.277350,-0.960769
163,9,6,0.229931,-3.629210,7.600984,-0.052617,-0.000000,0.999275,-0.038066
164,9,6,0.152134,-3.807214,8.576810,-0.410031,0.000000,-0.806489,0.591249
165,9,6,0.003062,-4.713975,8.647955,-0.332146,-0.691775,0.621671,-0.367386
166,9,6,8.744566,-1.358017,7.978195,-0.474718,-0.000000,0.387575,-0.921838
167,9,0,0.029936,4.080139,8.863301,-0.056374,-0.120223,0.537374,0.834731
168,9,6,3.976090,2.955169,8.121324,-0.373347,0.055159,0.315613,-0.947283
169,9,6,1.041956,4.523652,8.400579,-0.244325,0.250354,0.327078,-0.911232
170,9,6,0.004277,5.094432,8.524651,-0.175326,0.432650,0.343591,-0.833522
171,9,0,0.120430,-4.479752,7.886059,-0.227590,-0.000000,-0.528422,-0.848982
172,9,0,0.103559,-4.513429,7.693207,-0.069154,-0.000000,-0.733321,-0.679882
173,9,6,0.779903,-3.372664,7.625741,-0.241676,0.000000,0.975627,0.219436
174,9,0,0.151084,-4.432211,8.472692,-0.368793,-0.000000,0.098449,-0.995142
175,9,0,0.000821,-4.723569,7.621995,-0.240763,-1.000000,0.000000,0.000000
176,9,0,0.034098,-4.723569,8.116412,-0.256244,-1.000000,0.000000,0.000000
177,9,0,0.017545,1.776431,7.884201,-0.477869,0.000000,0.000000,1.000000
178,9,6,1.516681,4.816854,10.007362,0.418561,-0.080802,0.150161,-0.985354
179,9,0,3.331206,6.085689,9.758543,0.500000,0.000000,0.000000,1.000000
180,9,6,0.740248,7.007228,10.150026,0.483319,0.179641,0.029731,0.983283
181,9,6,0.036265,6.726007,11.555263,0.423928,0.131714,0.121916,-0.983762
182,9,6,0.741543,7.007490,10.147699,0.416667,0.179641,0.029731,-0.983283
183,9,6,1.505596,4.821178,10.005735,0.481430,-0.080802,0.150161,0.985354
184,9,6,0.036265,6.726007,11.555263,0.476072,0.131714,0.121916,0.983762
185,9,1,0.121458,6.470909,8.820378,0.615627,0.000000,0.953188,0.302378
186,9,0,0.214927,-2.180911,9.525037,0.478077,-1.000000,0.000000,0.000000
187,9,0,0.002572,-2.161014,9.351310,0.830000,0.000000,0.000000,1.000000
188,9,6,0.022989,-2.160394,9.609531,0.255334,0.165012,0.637526,-0.752550
189,9,6,0.000424,-2.160370,9.739343,0.480000,0.246014,0.969266,0.000000
190,9,6,0.022989,-2.160394,9.609529,0.704667,0.165012,0.637527,0.752550
191,9,0,0.207268,-2.139846,9.520315,0.477996,1.000000,0.000000,0.000000
192,9,0,0.002995,-2.160925,9.346143,0.130000,0.000000,0.000000,-1.000000
193,10,6,3.520848,-4.965620,9.174750,0.492327,-0.147356,0.989083,-0.000000
194,10,0,0.354674,-3.753796,9.140428,0.492468,1.000000,0.000000,0.000000
195,10,0,3.041984,-4.977140,8.992147,0.492110,0.000000,-1.000000,0.000000
196,11,6,0.431338,-2.573206,9.670699,0.255774,0.036040,0.700722,-0.712524
197,11,6,0.008006,-2.575196,9.798158,0.480000,0.013165,0.999913,0.000000
198,11,0,0.298279,-2.956927,9.496012,0.480000,-0.998958,-0.045631,0.000000
199,11,6,0.431994,-2.572773,9.671115,0.704198,0.036333,0.700273,0.712950
200,11,0,0.304136,-2.180911,9.459027,0.480025,1.000000,0.000000,0.000000
201,11,0,0.536920,-2.563880,9.254931,0.480000,-0.053299,-0.998579,0.000000
202,11,0,0.147887,-2.568499,9.352561,0.830000,0.000000,0.000000,1.000000
203,11,0,0.147759,-2.568555,9.352479,0.130000,0.000000,0.000000,-1.000000
204,12,6,0.729776,-1.452950,9.409558,0.281758,0.250850,0.707218,-0.660997
205,12,0,0.041173,-1.954329,9.272408,0.130000,0.000000,0.000000,-1.000000
206,12,0,1.009770,-1.398441,9.192725,0.480007,-0.053299,-0.998579,0.000000
207,12,6,0.729781,-1.452948,9.409556,0.678242,0.250935,0.707465,0.660700
208,12,0,0.041173,-1.954329,9.272408,0.830000,0.000000,0.000000,1.000000
209,12,0,0.298257,-2.139846,9.452809,0.479999,-1.000000,0.000000,0.000000
210,12,6,0.017728,-1.299020,9.455168,0.480000,0.330138,0.943933,0.000000
211,13,6,3.624755,6.111849,8.864370,1.719041,-0.081949,-0.996063,0.033796
212,13,6,3.631623,6.115323,8.951509,1.719763,-0.027258,0.998797,0.040756
213,13,0,0.004937,6.218228,8.892287,3.406836,0.000000,0.000000,1.000000
214,13,6,0.012319,5.972579,8.970508,0.486103,-0.028165,0.999603,0.000000
215,13,6,0.012300,5.968244,8.856331,0.486103,-0.082180,-0.996617,0.000000
216,13,0,0.198740,5.825897,8.919079,0.482589,0.000000,-0.000000,-1.000000
217,14,6,3.624753,6.111849,8.864371,-0.819041,-0.081946,-0.996064,-0.033795
218,14,6,3.631622,6.115323,8.951508,-0.819763,-0.027256,0.998797,-0.040755
219,14,0,0.004937,6.218228,8.892287,-2.506836,0.000000,0.000000,-1.000000
220,14,6,0.012319,5.972579,8.970508,0.413897,-0.028165,0.999603,0.000000
221,14,6,0.012300,5.968244,8.856331,0.413897,-0.082180,-0.996617,0.000000
222,14,0,0.198740,5.825897,8.919079,0.417411,0.000000,-0.000000,1.000000
223,15,1,0.000151,-0.019451,6.865977,2.430050,0.277350,0.960769,0.000000
224,15,0,0.180525,-0.019451,6.865977,2.430100,0.000000,0.000000,-1.000000
225,15,4,0.636130,-0.019451,6.865977,2.489061,0.196116,-0.000000,-0.980581
226,15,1,0.152115,-0.019451,6.865977,2.605000,-0.277350,-0.960769,0.000000
227,15,0,0.170351,-0.019451,6.865977,2.430000,0.000000,0.000000,-1.000000
228,15,4,0.636130,-0.019451,6.865977,2.720939,-0.248873,-0.942377,0.223579
229,15,0,0.350877,-0.019451,6.865977,2.780000,0.000000,0.000000,1.000000
230,16,1,0.228587,0.007541,7.672361,2.477200,-0.277350,0.832050,0.480384
231,16,0,0.005302,0.007245,7.894332,2.093834,0.000000,0.500000,-0.866025
232,16,0,0.015547,-0.018596,7.350000,2.959100,0.000000,1.000000,0.000000
233,16,0,0.015547,-0.018596,7.150000,2.959100,0.000000,-1.000000,0.000000
234,16,1,0.159972,-0.018596,7.250000,2.959100,-0.277350,0.000000,-0.960769
235,16,1,0.179650,-0.018441,7.011739,2.969333,-0.305424,0.000000,0.952217
236,16,0,0.015547,-0.018596,7.750000,2.959100,0.000000,1.000000,0.000000
237,16,0,0.015547,-0.018596,7.550000,2.959100,0.000000,-1.000000,0.000000
238,16,1,0.159972,-0.018596,7.650000,2.959100,-0.277350,0.000000,-0.960769
239,16,1,0.126855,-0.019974,7.449864,2.964221,-0.231287,0.000000,0.972886
240,16,1,0.066594,-0.020077,6.857901,2.837163,0.339422,0.940634,0.000000
241,16,0,0.028595,-0.019451,6.865977,2.780000,0.000000,0.000000,-1.000000
242,16,1,0.133326,-0.018596,7.850000,2.959100,-0.277350,0.000000,0.960769
243,16,6,0.054485,-0.018264,6.794392,2.981190,-0.104548,-0.984008,0.144219
244,16,0,0.000117,-0.018596,6.750000,2.959100,0.000000,-1.000000,0.000000
245,16,0,0.035364,-0.018596,7.950000,2.959100,0.000000,1.000000,0.000000
246,17,6,0.054004,-0.562504,6.915424,3.116749,-0.638115,0.202536,-0.742825
247,17,1,0.055737,-0.457810,7.554661,3.116142,-0.689775,-0.155595,-0.707107
248,17,1,0.087263,-0.000777,6.652551,3.116660,0.114507,-0.697613,-0.707265
249,17,6,0.062048,0.365249,7.086896,3.116778,0.404663,0.543085,-0.735736
250,17,1,0.056502,-0.125222,7.607622,3.116140,0.677319,0.203072,-0.707107
251,17,0,0.007674,-0.476608,7.562731,3.150000,-0.975490,-0.220045,0.000000
252,17,6,0.007834,-0.582073,6.908421,3.150000,-0.954757,0.297387,0.000000
253,17,0,0.012832,0.000000,6.636419,3.150000,0.161974,-0.986795,0.000000
254,17,6,0.009121,0.388441,7.087037,3.150000,0.679624,0.733561,0.000000
255,17,0,0.007776,-0.111661,7.620071,3.150000,0.957874,0.287188,0.000000
256,17,1,0.056501,-0.125224,7.607629,3.183861,0.677319,0.203072,0.707107
257,17,6,0.062365,0.365295,7.086992,3.183301,0.403870,0.540537,0.738044
258,17,1,0.087268,-0.000743,6.652556,3.183340,0.114533,-0.697769,0.707107
259,17,6,0.054029,-0.562497,6.915436,3.183290,-0.638947,0.203141,0.741943
260,17,1,0.055737,-0.457810,7.554663,3.183858,-0.689775,-0.155595,0.707107
261,17,0,0.750393,-0.126216,7.108140,3.200000,0.000000,0.000000,1.000000
262,17,0,0.032477,-0.392206,7.964754,3.150000,-0.162122,0.986771,0.000000
263,17,0,0.750653,-0.126033,7.108130,3.100000,0.000000,0.000000,-1.000000
264,18,1,0.000149,-0.019451,6.865977,-1.430050,-0.277350,0.960769,0.000000
265,18,0,0.177066,-0.019451,6.865977,-1.430100,0.000000,0.000000,1.000000
266,18,4,0.636130,-0.019451,6.865977,-1.489061,0.196116,0.000000,0.980581
267,18,1,0.152115,-0.019451,6.865977,-1.605000,-0.277350,-0.960769,0.000000
268,18,0,0.173810,-0.019451,6.865977,-1.430000,0.000000,0.000000,1.000000
269,18,4,0.636130,-0.019451,6.865977,-1.720939,-0.248873,0.942377,-0.223579
270,18,0,0.350877,-0.019451,6.865977,-1.780000,0.000000,0.000000,-1.000000
271,19,6,0.054053,-0.562515,6.915427,-2.116701,-0.638444,0.202624,0.742518
272,19,1,0.055737,-0.457810,7.554662,-2.116142,-0.689775,-0.155595,0.707107
273,19,1,0.087263,-0.000774,6.652551,-2.116660,0.114533,-0.697769,0.707107
274,19,6,0.062051,0.365252,7.086896,-2.116777,0.404650,0.543070,0.735753
275,19,1,0.056502,-0.125222,7.607622,-2.116140,0.677319,0.203072,0.707107
276,19,0,0.007674,-0.476608,7.562731,-2.150000,-0.975490,-0.220045,0.000000
277,19,6,0.007834,-0.582073,6.908421,-2.150000,-0.954757,0.297387,0.000000
278,19,0,0.012832,0.000000,6.636419,-2.150000,0.161974,-0.986795,0.000000
279,19,6,0.009121,0.388441,7.087037,-2.150000,0.679624,0.733561,0.000000
280,19,0,0.007776,-0.111661,7.620071,-2.150000,0.957874,0.287188,0.000000
281,19,1,0.056501,-0.125224,7.607629,-2.183861,0.677319,0.203072,-0.707107
282,19,6,0.062366,0.365296,7.086993,-2.183301,0.403868,0.540535,-0.738046
283,19,1,0.087268,-0.000743,6.652556,-2.183340,0.114533,-0.697769,-0.707107
284,19,6,0.054048,-0.562485,6.915504,-2.183289,-0.639169,0.203047,-0.741778
285,19,1,0.055737,-0.457810,7.554663,-2.183858,-0.689775,-0.155595,-0.707107
286,19,0,0.750391,-0.126214,7.108142,-2.200000,0.000000,0.000000,-1.000000
287,19,0,0.032477,-0.392206,7.964754,-2.150000,-0.162122,0.986771,0.000000
288,19,0,0.750652,-0.126033,7.108130,-2.100000,0.000000,0.000000,1.000000
289,20,1,0.243490,0.007523,7.657963,-1.452205,-0.277350,0.832050,-0.480384
290,20,0,0.005302,0.007245,7.894332,-1.043834,0.000000,0.500000,0.866025
291,20,0,0.015547,-0.018596,7.350000,-1.959100,0.000000,1.000000,0.000000
292,20,0,0.015547,-0.018596,7.150000,-1.959100,0.000000,-1.000000,0.000000
293,20,1,0.159972,-0.018596,7.250000,-1.959100,-0.277350,0.000000,0.960769
294,20,1,0.179650,-0.018441,7.011739,-1.969333,-0.305424,0.000000,-0.952217
295,20,0,0.015547,-0.018596,7.750000,-1.959100,0.000000,1.000000,0.000000
296,20,0,0.015547,-0.018596,7.550000,-1.959100,0.000000,-1.000000,0.000000
297,20,1,0.159972,-0.018596,7.650000,-1.959100,-0.277350,0.000000,0.960769
298,20,1,0.126851,-0.019975,7.451337,-1.964220,-0.248548,0.000000,-0.968620
299,20,1,0.066594,-0.020077,6.857901,-1.837163,0.339422,0.940634,0.000000
300,20,0,0.028595,-0.019451,6.865977,-1.780000,0.000000,0.000000,1.000000
301,20,1,0.133326,-0.018596,7.850000,-1.959100,-0.277350,0.000000,-0.960769
302,20,6,0.054485,-0.018264,6.794392,-1.981190,-0.104548,-0.984008,-0.144219
303,20,0,0.000117,-0.018596,6.750000,-1.959100,0.000000,-1.000000,0.000000
304,20,0,0.035364,-0.018596,7.950000,-1.959100,0.000000,1.000000,0.000000
305,21,0,0.000505,-5.482803,8.185647,-0.237721,0.000000,-1.000000,0.000000
306,21,0,0.002077,-5.432326,8.393355,-0.258551,1.000000,0.000000,0.000000
307,21,0,0.000742,-5.358144,8.601063,-0.251437,0.000000,-1.000000,0.000000
308,21,0,0.000423,-5.283963,8.643355,-0.249790,1.000000,0.000000,0.000000
309,21,0,0.001987,-5.482633,8.685647,-0.210690,0.000000,1.000000,0.000000
310,21,0,0.000423,-5.681303,8.643355,-0.193899,-1.000000,0.000000,0.000000
311,21,0,0.000740,-5.607292,8.601063,-0.216840,0.000000,-1.000000,0.000000
312,21,0,0.002077,-5.533281,8.393355,-0.244992,-1.000000,0.000000,0.000000
313,21,6,0.078013,-5.482805,8.507201,-0.241235,-0.134997,0.138850,-0.981069
314,21,6,0.078013,-5.482805,8.507201,-0.236235,0.134997,-0.138850,0.981069
315,22,6,0.000340,-6.032735,8.387204,-0.169325,-0.974086,-0.226179,0.000000
316,22,6,0.000383,-6.033603,8.316876,-0.167004,-0.978675,0.205417,0.000000
317,22,6,0.000285,-6.071054,8.265792,-0.154649,-0.461017,0.887391,0.000000
318,22,6,0.000253,-6.121062,8.263815,-0.144102,0.422133,0.906534,0.000000
319,22,6,0.000359,-6.154269,8.310506,-0.141667,0.963894,0.266286,0.000000
320,22,6,0.000377,-6.153774,8.382403,-0.144203,0.961681,-0.274172,0.000000
321,22,6,0.000273,-6.118134,8.431842,-0.150263,0.424713,-0.905328,0.000000
322,22,6,0.000265,-6.067749,8.432182,-0.160762,-0.414234,-0.910171,0.000000
323,22,6,0.000530,-6.225452,8.612208,-0.094425,-0.882697,0.469943,0.000000
324,22,0,0.000467,-6.197674,8.558089,-0.114937,-0.109629,-0.993973,-0.000000
325,22,6,0.000234,-6.144717,8.575103,-0.123188,0.918712,-0.394928,0.000000
326,22,6,0.000203,-6.115814,8.604380,-0.122375,0.315997,-0.948760,0.000000
327,22,6,0.000301,-6.068658,8.599162,-0.133944,-0.485982,-0.873969,0.000000
328,22,6,0.000589,-6.027302,8.525946,-0.157535,-0.968462,-0.249163,0.000000
329,22,6,0.000508,-6.060101,8.495577,-0.155923,0.451360,0.892342,0.000000
330,22,6,0.000578,-6.162125,8.494413,-0.134213,-0.403331,0.915054,0.000000
331,22,6,0.000642,-6.239100,8.408301,-0.123988,-0.933328,0.359024,0.000000
332,22,6,0.000671,-6.238477,8.282196,-0.119819,-0.933332,-0.359015,0.000000
333,22,6,0.000639,-6.153494,8.192741,-0.124847,-0.368106,-0.929784,0.000000
334,22,6,0.000711,-6.026108,8.197485,-0.151918,0.415791,-0.909460,0.000000
335,22,6,0.001011,-5.933620,8.329701,-0.185333,0.960543,-0.278132,0.000000
336,22,6,0.001041,-5.934200,8.530772,-0.173670,0.955776,0.294094,0.000000
337,22,6,0.000750,-6.031771,8.666880,-0.121278,0.391595,0.920138,0.000000
338,22,6,0.000508,-6.151159,8.677119,-0.091319,-0.313256,0.949669,0.000000
339,22,6,0.108538,-6.079893,8.429111,-0.148628,-0.204623,0.058986,-0.977062
340,22,6,0.108538,-6.079893,8.429111,-0.143628,0.204623,-0.058986,0.977062
341,23,0,0.001090,-6.416807,8.589808,-0.050988,0.000000,-1.000000,0.000000
342,23,0,0.000445,-6.307837,8.634317,-0.067044,1.000000,0.000000,0.000000
343,23,0,0.001639,-6.471719,8.678826,-0.003928,0.000000,1.000000,0.000000
344,23,0,0.000348,-6.635600,8.644037,0.034571,-1.000000,0.000000,0.000000
345,23,6,0.000708,-6.591857,8.553748,-0.007665,-0.803414,-0.595420,0.000000
346,23,6,0.000858,-6.517899,8.416553,-0.050622,-0.927283,-0.374361,0.000000
347,23,6,0.000761,-6.475234,8.261201,-0.057464,-0.990736,-0.135798,0.000000
348,23,0,0.000462,-6.421241,8.185647,-0.059585,0.000000,-1.000000,0.000000
349,23,6,0.001083,-6.390844,8.292503,-0.082325,0.980224,0.197893,0.000000
350,23,6,0.001108,-6.467056,8.496120,-0.055461,0.870916,0.491432,0.000000
351,23,6,0.069537,-6.473933,8.502588,-0.041750,-0.273766,0.141094,-0.951391
352,23,6,0.069537,-6.473933,8.502588,-0.036750,0.273766,-0.141094,0.951391
353,24,0,0.002510,-6.941535,8.436686,0.114236,-1.000000,0.000000,0.000000
354,24,0,0.000479,-6.893615,8.185647,0.093445,0.000000,-1.000000,0.000000
355,24,0,0.001806,-6.845696,8.366241,0.062331,1.000000,0.000000,0.000000
356,24,6,0.000722,-6.786006,8.506777,0.048468,-0.536462,-0.843924,0.000000
357,24,0,0.000435,-6.721889,8.517673,0.027257,1.000000,0.000000,0.000000
358,24,6,0.000471,-6.763634,8.582700,0.059365,0.484755,0.874650,0.000000
359,24,6,0.000506,-6.836732,8.645361,0.112450,0.825991,0.563683,0.000000
360,24,0,0.000389,-6.902653,8.687693,0.162595,0.000000,1.000000,0.000000
361,24,6,0.066198,-6.872810,8.461802,0.085386,-0.371639,0.174413,-0.911847
362,24,6,0.066198,-6.872810,8.461802,0.090386,0.371639,-0.174413,0.911847
363,25,0,0.000505,-4.944263,8.185647,-0.297006,0.000000,-1.000000,0.000000
364,25,0,0.002500,-4.893786,8.435646,-0.312262,1.000000,0.000000,0.000000
365,25,0,0.001714,-5.065170,8.685647,-0.262000,0.000000,1.000000,0.000000
366,25,0,0.000423,-5.236555,8.643355,-0.255421,-1.000000,0.000000,0.000000
367,25,0,0.001209,-5.115648,8.601063,-0.279439,0.000000,-1.000000,0.000000
368,25,0,0.000592,-4.994741,8.541888,-0.302428,-1.000000,0.000000,0.000000
369,25,0,0.001044,-5.099106,8.482714,-0.299928,0.000000,1.000000,0.000000
370,25,0,0.000423,-5.203472,8.440422,-0.291790,-1.000000,0.000000,0.000000
371,25,0,0.001044,-5.099106,8.398130,-0.304289,0.000000,-1.000000,0.000000
372,25,0,0.001062,-4.994741,8.291888,-0.307447,-1.000000,0.000000,0.000000
373,25,6,0.090441,-5.015143,8.486318,-0.299862,-0.098840,0.104281,-0.989624
374,25,6,0.090441,-5.015143,8.486318,-0.294862,0.098840,-0.104281,0.989624
375,26,0,0.000505,-6.370788,8.164424,1.052486,0.000222,-1.000000,0.000000
376,26,0,0.002077,-6.421312,8.372121,1.056379,-1.000000,-0.000222,0.000000
377,26,0,0.000742,-6.495539,8.579812,1.016201,0.000222,-1.000000,-0.000000
378,26,0,0.000423,-6.569730,8.622088,0.980187,-1.000000,-0.000222,-0.000000
379,26,0,0.001987,-6.371070,8.664424,1.023441,-0.000222,1.000000,0.000000
380,26,0,0.000423,-6.172391,8.622176,1.089102,1.000000,0.000222,0.000000
381,26,0,0.000740,-6.246392,8.579868,1.083155,0.000222,-1.000000,-0.000000
382,26,0,0.002077,-6.320357,8.372143,1.082304,1.000000,0.000222,0.000000
383,26,6,0.080261,-6.371337,8.485711,1.057348,-0.254810,0.162442,0.953250
384,26,6,0.080261,-6.371337,8.485711,1.052348,0.254810,-0.162442,-0.953250
385,27,6,0.000340,-5.820934,8.366133,1.193110,0.952344,-0.305027,0.000000
386,27,6,0.000384,-5.820089,8.295737,1.189178,0.954418,0.298473,0.000000
387,27,6,0.000285,-5.782550,8.244691,1.189276,0.514901,0.857249,0.000000
388,27,6,0.000253,-5.732557,8.242743,1.197057,-0.412647,0.910891,0.000000
389,27,6,0.000359,-5.699426,8.289483,1.208123,-0.991631,0.129107,0.000000
390,27,6,0.000376,-5.699916,8.361295,1.212664,-0.980030,-0.198850,0.000000
391,27,6,0.000273,-5.735503,8.410765,1.207101,-0.512943,-0.858422,0.000000
392,27,6,0.000265,-5.785902,8.411093,1.198852,0.418681,-0.908133,0.000000
393,27,6,0.000531,-5.628218,8.591167,1.200521,0.872527,0.488566,0.000000
394,27,0,0.000467,-5.656000,8.537025,1.207214,0.109850,-0.993948,-0.000000
395,27,6,0.000234,-5.708954,8.554036,1.195781,-0.897868,-0.440265,0.000000
396,27,6,0.000203,-5.737868,8.583296,1.185139,-0.398044,-0.917366,0.000000
397,27,6,0.000301,-5.785030,8.578071,1.178276,0.526347,-0.850270,0.000000
398,27,6,0.000589,-5.826367,8.504847,1.183520,0.969166,-0.246407,0.000000
399,27,6,0.000508,-5.793576,8.474500,1.193235,-0.426144,0.904655,0.000000
400,27,6,0.000578,-5.691522,8.473354,1.209953,0.412562,0.910930,0.000000
401,27,6,0.000642,-5.614572,8.387220,1.225457,0.936533,0.350578,0.000000
402,27,6,0.000671,-5.615110,8.261114,1.216907,0.924357,-0.381529,0.000000
403,27,6,0.000639,-5.700110,8.171682,1.188171,0.362090,-0.932143,0.000000
404,27,6,0.000711,-5.827491,8.176379,1.168504,-0.419363,-0.907818,0.000000
405,27,6,0.001012,-5.920000,8.308582,1.171295,-0.963440,-0.267923,0.000000
406,27,6,0.001041,-5.919401,8.509604,1.164831,-0.962769,0.270325,0.000000
407,27,6,0.000750,-5.821913,8.645772,1.154148,-0.376433,0.926444,0.000000
408,27,6,0.000508,-5.702524,8.656073,1.171821,0.326499,0.945197,0.000000
409,27,6,0.106504,-5.775140,8.406069,1.191678,-0.164898,0.020481,0.986098
410,27,6,0.106504,-5.775140,8.406069,1.186678,0.164898,-0.020481,-0.986098
411,28,0,0.001090,-5.436874,8.568792,1.232848,0.000222,-1.000000,-0.000000
412,28,0,0.000445,-5.545854,8.613277,1.207684,-1.000000,-0.000222,0.000000
413,28,0,0.001639,-5.381982,8.657822,1.218218,-0.000222,1.000000,-0.000000
414,28,0,0.000348,-5.218093,8.623070,1.247853,1.000000,0.000222,0.000000
415,28,6,0.000708,-5.261809,8.532765,1.260440,0.807220,-0.590251,0.000000
416,28,6,0.000858,-5.335753,8.395564,1.262061,0.926470,-0.376368,0.000000
417,28,6,0.000761,-5.378367,8.240198,1.245243,0.990282,-0.139073,0.000000
418,28,0,0.000462,-5.432350,8.164632,1.224403,0.000222,-1.000000,0.000000
419,28,6,0.001083,-5.462768,8.271481,1.237980,-0.980232,0.197851,0.000000
420,28,6,0.001109,-5.386619,8.475128,1.251305,-0.868854,0.495068,0.000000
421,28,6,0.067670,-5.379816,8.478585,1.243629,-0.124914,0.064802,0.990049
422,28,6,0.067670,-5.379816,8.478585,1.238629,0.124914,-0.064802,-0.990049
423,29,0,0.002510,-4.912113,8.415771,1.296112,1.000000,0.000222,0.000000
424,29,0,0.000479,-4.959976,8.164737,1.275722,0.000222,-1.000000,-0.000000
425,29,0,0.001806,-5.007936,8.345320,1.291523,-1.000000,-0.000222,0.000000
426,29,6,0.000722,-5.067665,8.485822,1.287679,0.507435,-0.861690,0.000000
427,29,0,0.000435,-5.131776,8.496725,1.279795,-1.000000,-0.000222,0.000000
428,29,6,0.000471,-5.089859,8.561434,1.275087,-0.496787,0.867873,0.000000
429,29,6,0.000507,-5.016512,8.624081,1.269124,-0.802422,0.596757,0.000000
430,29,0,0.000389,-4.951050,8.666786,1.264450,-0.000222,1.000000,0.000000
431,29,6,0.060135,-4.980345,8.438699,1.292058,-0.095278,0.051340,0.994126
432,29,6,0.060135,-4.980345,8.438699,1.287058,0.095278,-0.051340,-0.994126
433,30,0,0.000505,-6.909328,8.164304,0.879638,0.000222,-1.000000,0.000000
434,30,0,0.002500,-6.959861,8.414287,0.865662,-1.000000,-0.000222,0.000000
435,30,0,0.001714,-6.788533,8.664331,0.882532,-0.000222,1.000000,0.000000
436,30,0,0.000423,-6.617138,8.622077,0.964574,1.000000,0.000222,0.000000
437,30,0,0.001209,-6.738036,8.579759,0.935434,0.000222,-1.000000,0.000000
438,30,0,0.000592,-6.858930,8.520557,0.904842,1.000000,0.000222,0.000000
439,30,0,0.001044,-6.754551,8.461406,0.955784,-0.000222,1.000000,0.000000
440,30,0,0.000423,-6.650176,8.419137,0.995981,1.000000,0.000222,0.000000
441,30,0,0.001044,-6.754532,8.376822,0.962787,0.000222,-1.000000,0.000000
442,30,0,0.001062,-6.858874,8.270557,0.917670,1.000000,0.000222,-0.000000
443,30,6,0.097828,-6.839692,8.466087,0.910954,-0.359468,0.176943,0.916228
444,30,6,0.097828,-6.839692,8.466087,0.905954,0.359468,-0.176943,-0.916228
445,31,1,0.003067,-2.457512,8.393035,0.833911,0.662709,0.725438,-0.185896
446,31,1,0.002980,-2.457507,8.375222,0.834105,0.662709,-0.748877,0.000000
447,31,0,0.024664,-2.558907,8.370660,0.809803,0.000000,-1.000000,0.000000
448,31,0,0.000495,-2.451407,8.390964,0.888653,1.000000,0.000000,0.000000
449,31,0,0.025401,-2.558907,8.391587,0.809898,0.000000,0.968701,-0.248232
450,31,0,0.024664,-2.558907,8.402095,0.810062,0.000000,-0.995185,0.098017
451,31,0,0.463790,-2.651407,8.389014,0.490000,-1.000000,0.000000,0.000000
452,31,1,0.003067,-2.457512,8.604081,0.221603,0.662709,-0.678702,-0.316514
453,31,1,0.002980,-2.457507,8.617974,0.232753,0.662709,0.578890,0.475083
454,31,0,0.024664,-2.558907,8.606083,0.254433,0.000000,0.773010,0.634393
455,31,0,0.000495,-2.451407,8.640410,0.180600,1.000000,0.000000,0.000000
456,31,0,0.025401,-2.558907,8.589967,0.241084,0.000000,-0.906293,-0.422651
457,31,0,0.024664,-2.558907,8.581949,0.234291,0.000000,0.831470,0.555570
458,31,1,0.003067,-2.457512,8.230442,0.795198,0.662709,0.727410,0.178024
459,31,1,0.002980,-2.457507,8.214641,0.786972,0.662709,-0.660451,-0.353018
460,31,0,0.024664,-2.558907,8.222073,0.763389,0.000000,-0.881921,-0.471397
461,31,0,0.000495,-2.451407,8.202810,0.842500,1.000000,0.000000,0.000000
462,31,0,0.025401,-2.558907,8.240484,0.773337,0.000000,0.971333,0.237721
463,31,0,0.024664,-2.558907,8.249674,0.778435,0.000000,-0.923880,-0.382683
464,31,1,0.003067,-2.457512,8.554679,0.791407,0.662709,0.552149,-0.505914
465,31,1,0.002980,-2.457507,8.539061,0.799975,0.662709,-0.660451,0.353018
466,31,0,0.024664,-2.558907,8.523581,0.780693,0.000000,-0.881921,0.471397
467,31,0,0.000495,-2.451407,8.578658,0.840662,1.000000,0.000000,0.000000
468,31,0,0.025401,-2.558907,8.542082,0.770912,0.000000,0.737302,-0.675564
469,31,0,0.024664,-2.558907,8.551426,0.766104,0.000000,-0.831470,0.555570
470,31,1,0.003067,-2.457512,8.732926,0.485979,0.662709,-0.185896,-0.725438
471,31,1,0.002980,-2.457507,8.733120,0.503792,0.662709,0.000000,0.748877
472,31,0,0.024664,-2.558907,8.708817,0.508354,0.000000,0.000000,1.000000
473,31,0,0.000495,-2.451407,8.787668,0.488050,1.000000,0.000000,0.000000
474,31,0,0.025401,-2.558907,8.708912,0.487428,0.000000,-0.248232,-0.968701
475,31,0,0.024664,-2.558907,8.709076,0.476920,0.000000,0.098017,0.995185
476,31,1,0.003067,-2.457512,8.194605,0.206282,0.662709,-0.499902,0.557598
477,31,1,0.002980,-2.457507,8.209308,0.196224,0.662709,0.622669,-0.416054
478,31,0,0.024664,-2.558907,8.226603,0.213896,0.000000,0.831470,-0.555570
479,31,0,0.000495,-2.451407,8.165913,0.159615,1.000000,0.000000,0.000000
480,31,0,0.025401,-2.558907,8.209150,0.225444,0.000000,-0.667535,0.744579
481,31,0,0.024664,-2.558907,8.200322,0.231145,0.000000,0.773010,-0.634393
482,31,1,0.003067,-2.457512,8.317977,0.153481,0.662709,-0.675232,0.323850
483,31,1,0.002980,-2.457507,8.335410,0.149816,0.662709,0.734488,-0.146099
484,31,0,0.024664,-2.558907,8.344626,0.172761,0.000000,0.980785,-0.195090
485,31,0,0.000495,-2.451407,8.309329,0.099387,1.000000,0.000000,0.000000
486,31,0,0.025401,-2.558907,8.324082,0.176751,0.000000,-0.901660,0.432447
487,31,0,0.024664,-2.558907,8.313745,0.178640,0.000000,0.956940,-0.290285
488,31,1,0.003067,-2.457512,8.058745,0.394015,0.662709,-0.032693,0.748163
489,31,1,0.002980,-2.457507,8.063730,0.376913,0.662709,0.217388,-0.716631
490,31,0,0.024664,-2.558907,8.088310,0.379602,0.000000,0.290285,-0.956940
491,31,0,0.000495,-2.451407,8.006961,0.376143,1.000000,0.000000,0.000000
492,31,0,0.025401,-2.558907,8.082145,0.399600,0.000000,-0.043655,0.999047
493,31,0,0.024664,-2.558907,8.078937,0.409608,0.000000,0.195090,-0.980785
494,31,0,0.025401,-2.558907,8.448900,0.175747,0.000000,-0.998515,0.054478
495,31,1,0.003067,-2.457512,8.452165,0.151913,0.662709,-0.747765,0.040798
496,31,1,0.002980,-2.457507,8.469673,0.155198,0.662709,0.734488,0.146099
497,31,0,0.024664,-2.558907,8.469407,0.179923,0.000000,0.980785,0.195090
498,31,0,0.000495,-2.451407,8.464875,0.098626,1.000000,0.000000,0.000000
499,31,1,0.003067,-2.457512,8.418722,0.147351,0.662709,-0.740166,0.113895
500,31,1,0.002980,-2.457507,8.436469,0.148904,0.662709,0.745271,0.073403
501,31,0,0.000495,-2.451407,8.426149,0.093075,1.000000,0.000000,0.000000
502,31,0,0.025401,-2.558907,8.417810,0.171390,0.000000,-0.988367,0.152088
503,31,0,0.024664,-2.558907,8.438627,0.173536,0.000000,0.995185,0.098017
504,31,0,0.024664,-2.558907,8.407369,0.170197,0.000000,1.000000,0.000000
505,31,1,0.003067,-2.457512,8.325864,0.828087,0.662709,0.747765,-0.040798
506,31,1,0.002980,-2.457507,8.308355,0.824802,0.662709,-0.734488,-0.146099
507,31,0,0.024664,-2.558907,8.308622,0.800077,0.000000,-0.980785,-0.195090
508,31,0,0.000495,-2.451407,8.313153,0.881374,1.000000,0.000000,0.000000
509,31,0,0.025401,-2.558907,8.329128,0.804253,0.000000,0.998515,-0.054478
510,31,0,0.024664,-2.558907,8.339402,0.806464,0.000000,-0.995185,-0.098017
511,31,1,0.003067,-2.457512,8.610297,0.753296,0.662709,0.442840,-0.603912
512,31,1,0.002980,-2.457507,8.596651,0.764747,0.662709,-0.578890,0.475083
513,31,0,0.024664,-2.558907,8.577707,0.748855,0.000000,-0.773010,0.634393
514,31,0,0.000495,-2.451407,8.643425,0.796926,1.000000,0.000000,0.000000
515,31,0,0.025401,-2.558907,8.593944,0.735652,0.000000,0.591339,-0.806423
516,31,0,0.024664,-2.558907,8.602171,0.729113,0.000000,-0.707107,0.707107
517,31,1,0.003067,-2.457512,8.547587,0.184802,0.662709,-0.727410,-0.178024
518,31,1,0.002980,-2.457507,8.563388,0.193028,0.662709,0.660451,0.353018
519,31,0,0.024664,-2.558907,8.555956,0.216611,0.000000,0.881921,0.471397
520,31,0,0.000495,-2.451407,8.575219,0.137500,1.000000,0.000000,0.000000
521,31,0,0.025401,-2.558907,8.537545,0.206663,0.000000,-0.971333,-0.237721
522,31,0,0.024664,-2.558907,8.528355,0.201565,0.000000,0.923880,0.382683
523,31,1,0.002980,-2.457507,8.076381,0.345574,0.662709,0.286583,-0.691872
524,31,0,0.024664,-2.558907,8.100579,0.350659,0.000000,0.382683,-0.923880
525,31,1,0.003067,-2.457512,8.069743,0.362105,0.662709,-0.105868,0.741356
526,31,0,0.000495,-2.451407,8.019960,0.339243,1.000000,0.000000,0.000000
527,31,0,0.025401,-2.558907,8.092483,0.369957,0.000000,-0.141369,0.989957
528,31,1,0.003067,-2.457512,8.261120,0.809271,0.662709,0.741356,0.105868
529,31,1,0.002980,-2.457507,8.244589,0.802634,0.662709,-0.691872,-0.286583
530,31,0,0.000495,-2.451407,8.238258,0.859054,1.000000,0.000000,0.000000
531,31,0,0.025401,-2.558907,8.268971,0.786532,0.000000,0.989957,0.141369
532,31,0,0.024664,-2.558907,8.278616,0.790704,0.000000,-0.956940,-0.290285
533,31,1,0.002980,-2.457507,8.270074,0.166810,0.662709,0.691872,-0.286583
534,31,1,0.003067,-2.457512,8.253691,0.173806,0.662709,-0.599078,0.449358
535,31,0,0.000495,-2.451407,8.234655,0.122438,1.000000,0.000000,0.000000
536,31,0,0.025401,-2.558907,8.264218,0.195437,0.000000,-0.799968,0.600042
537,31,0,0.024664,-2.558907,8.283588,0.187517,0.000000,0.923880,-0.382683
538,31,0,0.025401,-2.558907,8.293691,0.184624,0.000000,-0.854931,0.518742
539,31,0,0.024664,-2.558907,8.254448,0.199307,0.000000,0.881921,-0.471397
540,31,0,0.025401,-2.558907,8.703267,0.549886,0.000000,-0.054478,-0.998515
541,31,1,0.003067,-2.457512,8.727102,0.553150,0.662709,-0.040798,-0.747765
542,31,1,0.002980,-2.457507,8.723817,0.570659,0.662709,-0.146099,0.734488
543,31,0,0.000495,-2.451407,8.780388,0.565861,1.000000,0.000000,0.000000
544,31,0,0.024664,-2.558907,8.699092,0.570392,0.000000,-0.195090,0.980785
545,31,0,0.025401,-2.558907,8.695884,0.580400,0.000000,0.043655,-0.999047
546,31,1,0.002980,-2.457507,8.714299,0.603087,0.662709,-0.217388,0.716631
547,31,0,0.024664,-2.558907,8.689719,0.600398,0.000000,-0.290285,0.956940
548,31,1,0.003067,-2.457512,8.719284,0.585985,0.662709,0.032693,-0.748163
549,31,0,0.000495,-2.451407,8.771068,0.603857,1.000000,0.000000,0.000000
550,31,1,0.003067,-2.457512,8.285335,0.162065,0.662709,-0.640238,0.388474
551,31,1,0.002980,-2.457507,8.302325,0.156708,0.662709,0.716631,-0.217388
552,31,0,0.000495,-2.451407,8.271426,0.109078,1.000000,0.000000,0.000000
553,31,1,0.003067,-2.457512,8.731664,0.519708,0.662709,-0.113895,-0.740166
554,31,1,0.002980,-2.457507,8.730111,0.537454,0.662709,-0.073403,0.745271
555,31,0,0.000495,-2.451407,8.785939,0.527134,1.000000,0.000000,0.000000
556,31,0,0.025401,-2.558907,8.707624,0.518795,0.000000,-0.152088,-0.988367
557,31,0,0.024664,-2.558907,8.705478,0.539612,0.000000,-0.098017,0.995185
558,31,1,0.003067,-2.457512,8.072821,0.625324,0.662709,0.449358,0.599078
559,31,1,0.002980,-2.457507,8.065825,0.608941,0.662709,-0.286583,-0.691872
560,31,0,0.024664,-2.558907,8.086531,0.595426,0.000000,-0.382683,-0.923880
561,31,0,0.000495,-2.451407,8.021453,0.644360,1.000000,0.000000,0.000000
562,31,0,0.025401,-2.558907,8.094452,0.614796,0.000000,0.600042,0.799968
563,31,0,0.024664,-2.558907,8.098321,0.624567,0.000000,-0.471397,-0.881921
564,31,1,0.003067,-2.457512,8.359306,0.832649,0.662709,0.740166,-0.113895
565,31,1,0.002980,-2.457507,8.341560,0.831096,0.662709,-0.745271,-0.073403
566,31,0,0.000495,-2.451407,8.351880,0.886925,1.000000,0.000000,0.000000
567,31,1,0.523857,-2.552009,8.389014,0.490000,0.000000,0.181843,0.983328
568,31,0,0.025401,-2.558907,8.360219,0.808610,0.000000,0.988367,-0.152088
569,31,1,0.003067,-2.457512,8.694212,0.648573,0.662709,0.178024,-0.727410
570,31,1,0.002980,-2.457507,8.685986,0.664374,0.662709,-0.353018,0.660451
571,31,0,0.024664,-2.558907,8.662403,0.656941,0.000000,-0.471397,0.881921
572,31,0,0.000495,-2.451407,8.741515,0.676204,1.000000,0.000000,0.000000
573,31,0,0.025401,-2.558907,8.672352,0.638530,0.000000,0.237721,-0.971333
574,31,0,0.024664,-2.558907,8.677450,0.629341,0.000000,-0.382683,0.923880
575,31,1,0.002980,-2.457507,8.502101,0.164716,0.662709,0.716631,0.217388
576,31,0,0.024664,-2.558907,8.499412,0.189296,0.000000,0.956940,0.290285
577,31,1,0.003067,-2.457512,8.484999,0.159730,0.662709,-0.748163,-0.032693
578,31,0,0.000495,-2.451407,8.502871,0.107946,1.000000,0.000000,0.000000
579,31,0,0.025401,-2.558907,8.479414,0.183130,0.000000,-0.999047,-0.043655
580,31,1,0.003067,-2.457512,8.492694,0.817935,0.662709,0.640238,-0.388474
581,31,1,0.002980,-2.457507,8.475704,0.823292,0.662709,-0.716631,0.217388
582,31,0,0.024664,-2.558907,8.464284,0.801360,0.000000,-0.956940,0.290285
583,31,0,0.000495,-2.451407,8.506603,0.870922,1.000000,0.000000,0.000000
584,31,0,0.025401,-2.558907,8.484338,0.795376,0.000000,0.854931,-0.518742
585,31,0,0.024664,-2.558907,8.494440,0.792483,0.000000,-0.923880,0.382683
586,31,1,0.003067,-2.457512,8.672732,0.295590,0.662709,-0.557598,-0.499902
587,31,1,0.002980,-2.457507,8.682790,0.310293,0.662709,0.416054,0.622669
588,31,0,0.024664,-2.558907,8.665118,0.327588,0.000000,0.555570,0.831470
589,31,0,0.000495,-2.451407,8.719399,0.266899,1.000000,0.000000,0.000000
590,31,0,0.025401,-2.558907,8.653571,0.310135,0.000000,-0.744579,-0.667535
591,31,0,0.024664,-2.558907,8.647869,0.301307,0.000000,0.634393,0.773010
592,31,1,0.003067,-2.457512,8.524338,0.806194,0.662709,0.599078,-0.449358
593,31,1,0.002980,-2.457507,8.507955,0.813190,0.662709,-0.691872,0.286583
594,31,0,0.000495,-2.451407,8.543374,0.857562,1.000000,0.000000,0.000000
595,31,0,0.025401,-2.558907,8.513811,0.784563,0.000000,0.799968,-0.600042
596,31,1,0.003067,-2.457512,8.087607,0.655664,0.662709,0.505914,0.552149
597,31,1,0.002980,-2.457507,8.079039,0.640046,0.662709,-0.353018,-0.660451
598,31,0,0.000495,-2.451407,8.038353,0.679644,1.000000,0.000000,0.000000
599,31,0,0.025401,-2.558907,8.108102,0.643068,0.000000,0.675564,0.737302
600,31,0,0.024664,-2.558907,8.112911,0.652412,0.000000,-0.555570,-0.831470
601,31,1,0.003067,-2.457512,8.725533,0.418963,0.662709,-0.323850,-0.675232
602,31,1,0.002980,-2.457507,8.729198,0.436396,0.662709,0.146099,0.734488
603,31,0,0.024664,-2.558907,8.706253,0.445611,0.000000,0.195090,0.980785
604,31,0,0.000495,-2.451407,8.779627,0.410314,1.000000,0.000000,0.000000
605,31,0,0.025401,-2.558907,8.702264,0.425068,0.000000,-0.432447,-0.901660
606,31,0,0.024664,-2.558907,8.700375,0.414730,0.000000,0.290285,0.956940
607,31,1,0.003067,-2.457512,8.293030,0.820270,0.662709,0.748163,0.032693
608,31,1,0.002980,-2.457507,8.275927,0.815284,0.662709,-0.716631,-0.217388
609,31,0,0.000495,-2.451407,8.275157,0.872054,1.000000,0.000000,0.000000
610,31,0,0.025401,-2.558907,8.298615,0.796870,0.000000,0.999047,0.043655
611,31,1,0.003067,-2.457512,8.426725,0.831861,0.662709,0.703724,-0.256106
612,31,1,0.002980,-2.457507,8.409017,0.833800,0.662709,-0.745271,0.073403
613,31,0,0.000495,-2.451407,8.430030,0.886543,1.000000,0.000000,0.000000
614,31,0,0.025401,-2.558907,8.422930,0.808105,0.000000,0.939705,-0.341986
615,31,0,0.024664,-2.558907,8.433403,0.807239,0.000000,-0.980785,0.195090
616,31,1,0.002980,-2.457507,8.055723,0.576690,0.662709,-0.217388,-0.716631
617,31,0,0.024664,-2.558907,8.077654,0.565270,0.000000,-0.290285,-0.956940
618,31,1,0.003067,-2.457512,8.061079,0.593680,0.662709,0.388474,0.640238
619,31,0,0.000495,-2.451407,8.008093,0.607589,1.000000,0.000000,0.000000
620,31,0,0.025401,-2.558907,8.083638,0.585323,0.000000,0.518742,0.854931
621,31,1,0.003067,-2.457512,8.167732,0.226704,0.662709,-0.442840,0.603912
622,31,1,0.002980,-2.457507,8.181378,0.215253,0.662709,0.578890,-0.475083
623,31,0,0.000495,-2.451407,8.134604,0.183074,1.000000,0.000000,0.000000
624,31,0,0.025401,-2.558907,8.184085,0.244348,0.000000,-0.591339,0.806423
625,31,0,0.024664,-2.558907,8.175858,0.250887,0.000000,0.707107,-0.707107
626,31,1,0.003067,-2.457512,8.148676,0.736025,0.662709,0.644410,0.381514
627,31,1,0.002980,-2.457507,8.135943,0.723566,0.662709,-0.529536,-0.529536
628,31,0,0.024664,-2.558907,8.149901,0.703156,0.000000,-0.707107,-0.707107
629,31,0,0.000495,-2.451407,8.108503,0.773269,1.000000,0.000000,0.000000
630,31,0,0.025401,-2.558907,8.164632,0.718021,0.000000,0.860501,0.509448
631,31,0,0.024664,-2.558907,8.171945,0.725567,0.000000,-0.773010,-0.634393
632,31,1,0.003067,-2.457512,8.635039,0.730339,0.662709,0.381514,-0.644410
633,31,1,0.002980,-2.457507,8.622581,0.743072,0.662709,-0.529536,0.529536
634,31,0,0.000495,-2.451407,8.672284,0.770512,1.000000,0.000000,0.000000
635,31,0,0.025401,-2.558907,8.617035,0.714383,0.000000,0.509448,-0.860501
636,31,0,0.024664,-2.558907,8.624581,0.707069,0.000000,-0.634393,0.773010
637,31,1,0.003067,-2.457512,8.583424,0.773718,0.662709,0.499902,-0.557598
638,31,1,0.002980,-2.457507,8.568721,0.783776,0.662709,-0.622669,0.416054
639,31,0,0.000495,-2.451407,8.612116,0.820385,1.000000,0.000000,0.000000
640,31,0,0.025401,-2.558907,8.568879,0.754556,0.000000,0.667535,-0.744579
641,31,1,0.003067,-2.457512,8.046365,0.460292,0.662709,0.113895,0.740166
642,31,1,0.002980,-2.457507,8.047918,0.442546,0.662709,0.073403,-0.745271
643,31,0,0.024664,-2.558907,8.072551,0.440388,0.000000,0.098017,-0.995185
644,31,0,0.000495,-2.451407,7.992090,0.452866,1.000000,0.000000,0.000000
645,31,0,0.025401,-2.558907,8.070405,0.461205,0.000000,0.152088,0.988367
646,31,0,0.024664,-2.558907,8.069212,0.471646,0.000000,-0.000000,-1.000000
647,31,1,0.003067,-2.457512,8.384994,0.146089,0.662709,-0.725438,0.185896
648,31,1,0.002980,-2.457507,8.402807,0.145895,0.662709,0.748877,0.000000
649,31,0,0.000495,-2.451407,8.387065,0.091347,1.000000,0.000000,0.000000
650,31,0,0.025401,-2.558907,8.386442,0.170102,0.000000,-0.968701,0.248232
651,31,0,0.024664,-2.558907,8.375934,0.169938,0.000000,0.995185,-0.098017
652,31,1,0.003067,-2.457512,8.050927,0.426850,0.662709,0.040798,0.747765
653,31,1,0.002980,-2.457507,8.054212,0.409341,0.662709,0.146099,-0.734488
654,31,0,0.000495,-2.451407,7.997641,0.414139,1.000000,0.000000,0.000000
655,31,0,0.025401,-2.558907,8.074761,0.430114,0.000000,0.054478,0.998515
656,31,1,0.002980,-2.457507,8.114268,0.697636,0.662709,-0.475083,-0.578890
657,31,1,0.003067,-2.457512,8.125718,0.711283,0.662709,0.603912,0.442840
658,31,0,0.000495,-2.451407,8.082088,0.744410,1.000000,0.000000,0.000000
659,31,0,0.025401,-2.558907,8.143362,0.694930,0.000000,0.806423,0.591339
660,31,0,0.024664,-2.558907,8.130160,0.678693,0.000000,-0.634393,-0.773010
661,31,0,0.025401,-2.558907,8.124458,0.669865,0.000000,0.744579,0.667535
662,31,1,0.003067,-2.457512,8.105297,0.684410,0.662709,0.557598,0.499902
663,31,1,0.002980,-2.457507,8.095239,0.669707,0.662709,-0.416054,-0.622669
664,31,0,0.000495,-2.451407,8.058630,0.713101,1.000000,0.000000,0.000000
665,31,1,0.003067,-2.457512,8.657412,0.705067,0.662709,0.316514,-0.678702
666,31,1,0.002980,-2.457507,8.646261,0.718960,0.662709,-0.475083,0.578890
667,31,0,0.000495,-2.451407,8.698415,0.741396,1.000000,0.000000,0.000000
668,31,0,0.025401,-2.558907,8.637931,0.690953,0.000000,0.422651,-0.906293
669,31,0,0.024664,-2.558907,8.644724,0.682934,0.000000,-0.555570,0.831470
670,31,1,0.003067,-2.457512,8.708285,0.617895,0.662709,0.105868,-0.741356
671,31,1,0.002980,-2.457507,8.701648,0.634426,0.662709,-0.286583,0.691872
672,31,0,0.000495,-2.451407,8.758068,0.640757,1.000000,0.000000,0.000000
673,31,0,0.025401,-2.558907,8.685546,0.610043,0.000000,0.141369,-0.989957
674,31,1,0.003067,-2.457512,8.351304,0.148139,0.662709,-0.703724,0.256106
675,31,1,0.002980,-2.457507,8.369012,0.146200,0.662709,0.745271,-0.073403
676,31,0,0.000495,-2.451407,8.347999,0.093457,1.000000,0.000000,0.000000
677,31,0,0.025401,-2.558907,8.355099,0.171895,0.000000,-0.939705,0.341986
678,31,1,0.002980,-2.457507,8.712204,0.371059,0.662709,0.286583,0.691872
679,31,1,0.003067,-2.457512,8.705208,0.354676,0.662709,-0.449358,-0.599078
680,31,0,0.000495,-2.451407,8.756576,0.335640,1.000000,0.000000,0.000000
681,31,0,0.025401,-2.558907,8.683577,0.365204,0.000000,-0.600042,-0.799968
682,31,0,0.024664,-2.558907,8.691498,0.384574,0.000000,0.382683,0.923880
683,31,0,0.025401,-2.558907,8.694391,0.394677,0.000000,-0.518742,-0.854931
684,31,0,0.024664,-2.558907,8.679708,0.355433,0.000000,0.471397,0.881921
685,31,1,0.003067,-2.457512,8.716950,0.386320,0.662709,-0.388474,-0.640238
686,31,1,0.002980,-2.457507,8.722306,0.403310,0.662709,0.217388,0.716631
687,31,0,0.000495,-2.451407,8.769936,0.372411,1.000000,0.000000,0.000000
688,31,1,0.003067,-2.457512,8.516909,0.170729,0.662709,-0.741356,-0.105868
689,31,1,0.002980,-2.457507,8.533440,0.177366,0.662709,0.691872,0.286583
690,31,0,0.000495,-2.451407,8.539771,0.120946,1.000000,0.000000,0.000000
691,31,0,0.025401,-2.558907,8.509057,0.193468,0.000000,-0.989957,-0.141369
692,31,1,0.003067,-2.457512,8.460051,0.826519,0.662709,0.675232,-0.323850
693,31,1,0.002980,-2.457507,8.442619,0.830184,0.662709,-0.734488,0.146099
694,31,0,0.000495,-2.451407,8.468700,0.880613,1.000000,0.000000,0.000000
695,31,0,0.025401,-2.558907,8.453946,0.803249,0.000000,0.901660,-0.432447
696,31,1,0.002980,-2.457507,8.642086,0.256434,0.662709,0.529536,0.529536
697,31,0,0.024664,-2.558907,8.628128,0.276844,0.000000,0.707107,0.707107
698,31,1,0.003067,-2.457512,8.629353,0.243975,0.662709,-0.644410,-0.381514
699,31,0,0.000495,-2.451407,8.669526,0.206731,1.000000,0.000000,0.000000
700,31,0,0.025401,-2.558907,8.613397,0.261979,0.000000,-0.860501,-0.509448
701,31,1,0.002980,-2.457507,8.131767,0.261040,0.662709,0.475083,-0.578890
702,31,1,0.003067,-2.457512,8.120617,0.274933,0.662709,-0.316514,0.678702
703,31,0,0.000495,-2.451407,8.079614,0.238604,1.000000,0.000000,0.000000
704,31,0,0.025401,-2.558907,8.140098,0.289047,0.000000,-0.422651,0.906293
705,31,0,0.024664,-2.558907,8.153447,0.272931,0.000000,0.634393,-0.773010
706,31,0,0.025401,-2.558907,8.160993,0.265617,0.000000,-0.509448,0.860501
707,31,0,0.024664,-2.558907,8.133305,0.297066,0.000000,0.555570,-0.831470
708,31,1,0.003067,-2.457512,8.730875,0.452290,0.662709,-0.256106,-0.703724
709,31,1,0.002980,-2.457507,8.732814,0.469998,0.662709,0.073403,0.745271
710,31,0,0.000495,-2.451407,8.785557,0.448985,1.000000,0.000000,0.000000
711,31,0,0.025401,-2.558907,8.707120,0.456084,0.000000,-0.341986,-0.939705
712,31,0,0.025401,-2.558907,8.070909,0.523916,0.000000,0.341986,0.939705
713,31,1,0.003067,-2.457512,8.047153,0.527710,0.662709,0.256106,0.703724
714,31,1,0.002980,-2.457507,8.045214,0.510002,0.662709,-0.073403,-0.745271
715,31,0,0.000495,-2.451407,7.992472,0.531015,1.000000,0.000000,0.000000
716,31,0,0.024664,-2.558907,8.068952,0.503080,0.000000,-0.098017,-0.995185
717,31,0,0.025401,-2.558907,8.069117,0.492572,0.000000,0.248232,0.968701
718,31,1,0.003067,-2.457512,8.690422,0.324336,0.662709,-0.505914,-0.552149
719,31,1,0.002980,-2.457507,8.698990,0.339954,0.662709,0.353018,0.660451
720,31,0,0.000495,-2.451407,8.739676,0.300356,1.000000,0.000000,0.000000
721,31,0,0.025401,-2.558907,8.669926,0.336932,0.000000,-0.675564,-0.737302
722,31,1,0.003067,-2.457512,8.652311,0.268717,0.662709,-0.603912,-0.442840
723,31,1,0.002980,-2.457507,8.663761,0.282364,0.662709,0.475083,0.578890
724,31,0,0.000495,-2.451407,8.695941,0.235590,1.000000,0.000000,0.000000
725,31,0,0.025401,-2.558907,8.634667,0.285070,0.000000,-0.806423,-0.591339
726,31,1,0.003067,-2.457512,8.045103,0.494021,0.662709,0.185896,0.725438
727,31,1,0.002980,-2.457507,8.044909,0.476208,0.662709,-0.000000,-0.748877
728,31,0,0.000495,-2.451407,7.990361,0.491950,1.000000,0.000000,0.000000
729,31,1,0.003067,-2.457512,8.052496,0.561037,0.662709,0.323850,0.675232
730,31,1,0.002980,-2.457507,8.048830,0.543604,0.662709,-0.146099,-0.734488
731,31,0,0.000495,-2.451407,7.998401,0.569686,1.000000,0.000000,0.000000
732,31,0,0.025401,-2.558907,8.075765,0.554932,0.000000,0.432447,0.901660
733,31,0,0.024664,-2.558907,8.071776,0.534389,0.000000,-0.195090,-0.980785
734,31,1,0.003067,-2.457512,8.142990,0.249661,0.662709,-0.381514,0.644410
735,31,1,0.002980,-2.457507,8.155448,0.236928,0.662709,0.529536,-0.529536
736,31,0,0.000495,-2.451407,8.105745,0.209488,1.000000,0.000000,0.000000
737,31,1,0.002980,-2.457507,8.092043,0.315626,0.662709,0.353018,-0.660451
738,31,0,0.024664,-2.558907,8.115626,0.323059,0.000000,0.471397,-0.881921
739,31,1,0.003067,-2.457512,8.083817,0.331427,0.662709,-0.178024,0.727410
740,31,0,0.000495,-2.451407,8.036514,0.303796,1.000000,0.000000,0.000000
741,31,0,0.025401,-2.558907,8.105677,0.341470,0.000000,-0.237721,0.971333
742,31,1,0.003067,-2.457512,8.576738,0.201815,0.662709,-0.706458,-0.248465
743,31,1,0.002980,-2.457507,8.591657,0.211550,0.662709,0.622669,0.416054
744,31,0,0.000495,-2.451407,8.608873,0.157448,1.000000,0.000000,0.000000
745,31,0,0.025401,-2.558907,8.564601,0.222585,0.000000,-0.943356,-0.331784
746,31,1,0.002980,-2.457507,8.186372,0.768450,0.662709,-0.622669,-0.416054
747,31,1,0.003067,-2.457512,8.201291,0.778185,0.662709,0.706458,0.248465
748,31,0,0.000495,-2.451407,8.169156,0.822552,1.000000,0.000000,0.000000
749,31,0,0.025401,-2.558907,8.213428,0.757415,0.000000,0.943356,0.331784
750,31,0,0.024664,-2.558907,8.196080,0.745709,0.000000,-0.831470,-0.555570
751,31,0,0.025401,-2.558907,8.188062,0.738916,0.000000,0.906293,0.422651
752,31,1,0.003067,-2.457512,8.173947,0.758397,0.662709,0.678702,0.316514
753,31,1,0.002980,-2.457507,8.160055,0.747247,0.662709,-0.578890,-0.475083
754,31,0,0.000495,-2.451407,8.137619,0.799400,1.000000,0.000000,0.000000
755,31,1,0.003067,-2.457512,8.100829,0.302276,0.662709,-0.248465,0.706458
756,31,1,0.002980,-2.457507,8.110564,0.287357,0.662709,0.416054,-0.622669
757,31,0,0.000495,-2.451407,8.056463,0.270141,1.000000,0.000000,0.000000
758,31,0,0.025401,-2.558907,8.121600,0.314413,0.000000,-0.331784,0.943356
759,31,1,0.003067,-2.457512,8.223350,0.188593,0.662709,-0.552149,0.505914
760,31,1,0.002980,-2.457507,8.238968,0.180025,0.662709,0.660451,-0.353018
761,31,0,0.000495,-2.451407,8.199371,0.139338,1.000000,0.000000,0.000000
762,31,0,0.025401,-2.558907,8.235947,0.209088,0.000000,-0.737302,0.675564
763,31,1,0.003067,-2.457512,8.677200,0.677724,0.662709,0.248465,-0.706458
764,31,1,0.002980,-2.457507,8.667465,0.692643,0.662709,-0.416054,0.622669
765,31,0,0.000495,-2.451407,8.721566,0.709859,1.000000,0.000000,0.000000
766,31,0,0.025401,-2.558907,8.656429,0.665587,0.000000,0.331784,-0.943356
767,31,1,0.271998,-2.550406,8.389014,0.489981,0.000000,0.755929,-0.654654
768,31,0,0.202378,-2.451407,8.389014,0.490000,1.000000,0.000000,0.000000
769,32,1,0.194588,-5.056673,6.694342,0.256550,-0.339422,0.000000,0.940634
770,32,6,0.000891,-5.174769,7.435159,0.551805,0.117788,-0.620422,0.775373
771,32,6,0.000174,-5.199644,7.412846,0.527129,0.307467,-0.948656,0.074270
772,32,1,0.013799,-5.298067,7.363788,0.557557,0.406189,-0.626143,0.665549
773,32,6,0.000396,-5.209054,7.188265,0.525239,0.163239,0.983719,0.075168
774,32,6,0.001720,-5.180376,7.168144,0.552980,0.047569,0.644455,0.763161
775,32,0,0.015824,-5.292546,7.229871,0.501649,0.464073,0.885797,0.000000
776,32,1,0.410626,-5.065753,7.541764,0.518241,-0.381246,0.000000,-0.924473
777,32,1,0.023656,-5.314574,7.397078,0.555756,0.357154,-0.550555,-0.754539
778,32,0,0.012548,-5.342488,7.397441,0.520045,-0.544231,0.838935,0.000000
779,32,1,0.021311,-5.330930,7.390557,0.483315,-0.384830,0.593217,-0.707107
780,32,1,0.020123,-5.331680,7.198949,0.483335,-0.330048,-0.625354,-0.707107
781,32,6,0.010704,-5.303030,7.225311,0.557277,0.375010,0.714334,0.590841
782,32,0,0.017049,-5.288393,7.356422,0.501563,0.544231,-0.838935,0.000000
783,32,0,0.011903,-5.342488,7.191020,0.520045,-0.466759,-0.884385,0.000000
784,32,1,0.023011,-5.311351,7.193274,0.554915,0.279649,0.529862,-0.800651
785,32,0,0.015500,-5.294451,7.304851,0.470000,0.000000,0.000000,-1.000000
786,32,6,0.015388,-4.986481,7.009598,0.442341,0.977233,-0.203941,-0.058516
787,32,6,0.020552,-5.068344,7.040405,0.584288,0.965507,0.206334,0.158815
788,32,6,0.016460,-5.143336,7.003124,0.440624,-0.950285,-0.305609,-0.059681
789,32,6,0.002198,-4.983567,7.045705,0.395894,0.991986,0.041545,-0.119318
790,32,6,0.001492,-5.145974,7.028502,0.365875,-0.990369,-0.016766,-0.137432
791,32,6,0.165281,-5.067093,7.225485,0.369453,-0.713734,0.269254,-0.646596
792,32,6,0.009798,-5.067244,7.009476,0.220552,-0.583121,0.066019,-0.809699
793,32,6,0.001213,-5.166739,7.055240,0.504867,-0.976676,-0.207998,0.053304
794,32,6,0.000559,-4.969233,7.059081,0.507037,0.987461,-0.126775,0.094066
795,32,0,0.032035,-5.068618,7.900000,0.499242,0.000000,1.000000,0.000000
796,32,1,0.030812,-5.061979,6.946810,0.484680,0.972984,-0.230873,0.000000
797,32,6,0.021736,-5.062641,6.974522,0.621628,-0.375743,-0.819447,0.432810
798,32,0,0.000012,-5.064074,6.995455,0.650000,0.000000,0.000000,1.000000
799,32,6,0.030502,-5.062924,6.902110,0.364762,0.693638,-0.427975,0.579400
800,32,6,0.002571,-5.131414,6.957398,0.292947,-0.993356,-0.065533,0.094597
801,32,6,0.010295,-5.060576,6.963572,0.221941,-0.533907,0.079652,-0.841783
802,32,6,0.003932,-4.992896,6.963077,0.303474,0.990106,0.032701,0.136456
803,32,1,0.000655,-5.133304,6.465138,0.280917,-0.976399,0.000000,0.215973
804,32,0,0.000151,-5.064074,6.995455,0.200000,0.000000,0.000000,-1.000000
805,32,6,0.000637,-5.133339,6.495454,0.249985,-0.963966,-0.000011,-0.266024
806,32,1,0.014066,-5.078070,6.492909,0.327699,-0.802955,0.596040,0.000000
807,32,0,0.016252,-5.064074,6.495455,0.350000,0.000000,0.000000,1.000000
808,32,6,0.033876,-5.057808,6.414934,0.260757,-0.962880,-0.052119,0.264849
809,32,6,0.004078,-5.046064,6.932336,0.225833,0.949275,0.098992,-0.298458
810,32,0,0.000011,-5.058402,6.380000,0.266783,0.000000,-1.000000,0.000000
811,33,1,0.002217,-5.108891,6.372033,0.736362,-0.677689,0.201837,0.707107
812,33,0,0.009453,-5.069715,6.351136,0.740000,0.000000,0.000000,1.000000
813,33,1,0.002219,-5.030416,6.368707,0.736371,0.674330,0.212788,0.707107
814,33,0,0.004225,-5.026826,6.369422,0.715000,0.953647,0.300928,0.000000
815,33,0,0.004246,-5.112272,6.373396,0.715000,-0.958397,0.285440,0.000000
816,33,0,0.007103,-4.996386,6.366887,0.700000,0.000000,0.000000,1.000000
817,33,0,0.007103,-5.141573,6.372551,0.700000,0.000000,0.000000,1.000000
818,33,1,0.002217,-5.193369,6.472557,0.736362,-0.164049,0.687814,0.707107
819,33,0,0.009453,-5.191879,6.428181,0.740000,0.000000,0.000000,1.000000
820,33,1,0.002219,-5.157012,6.402933,0.736371,0.521445,-0.477593,0.707107
821,33,0,0.004225,-5.154598,6.400181,0.715000,0.737435,-0.675418,0.000000
822,33,0,0.004246,-5.193879,6.476166,0.715000,-0.232000,0.972716,0.000000
823,33,0,0.007103,-5.209261,6.501120,0.700000,0.000000,0.000000,1.000000
824,33,1,0.002217,-5.148552,6.595978,0.736362,0.513640,0.485977,0.707107
825,33,0,0.009453,-5.186238,6.572500,0.740000,0.000000,0.000000,1.000000
826,33,1,0.002219,-5.190669,6.529681,0.736371,-0.152885,-0.690381,0.707107
827,33,0,0.004225,-5.191846,6.526214,0.715000,-0.216212,-0.976346,0.000000
828,33,0,0.004246,-5.145681,6.598225,0.715000,0.726397,0.687276,0.000000
829,33,0,0.007103,-5.131762,6.624023,0.700000,0.000000,0.000000,1.000000
830,33,1,0.002217,-5.019257,6.618877,0.736362,0.677689,-0.201837,0.707107
831,33,0,0.009453,-5.058433,6.639774,0.740000,0.000000,0.000000,1.000000
832,33,1,0.002219,-5.097732,6.622203,0.736371,-0.674330,-0.212788,0.707107
833,33,0,0.004225,-5.101322,6.621488,0.715000,-0.953647,-0.300928,0.000000
834,33,0,0.004246,-5.015876,6.617514,0.715000,0.958397,-0.285440,0.000000
835,33,0,0.007103,-4.986575,6.618359,0.700000,0.000000,0.000000,1.000000
836,33,1,0.002217,-4.934779,6.518354,0.736362,0.164049,-0.687814,0.707107
837,33,0,0.009453,-4.936269,6.562729,0.740000,0.000000,0.000000,1.000000
838,33,1,0.002219,-4.971136,6.587977,0.736371,-0.521445,0.477593,0.707107
839,33,0,0.004225,-4.973550,6.590729,0.715000,-0.737435,0.675418,0.000000
840,33,0,0.004246,-4.934269,6.514744,0.715000,0.232000,-0.972716,0.000000
841,33,0,0.007103,-4.918886,6.489791,0.700000,0.000000,0.000000,1.000000
842,33,1,0.033030,-5.064074,6.495455,0.729901,0.277350,-0.960769,0.000000
843,33,1,0.008554,-5.064074,6.495455,0.731748,0.277350,0.960769,0.000000
844,33,0,0.011703,-5.064074,6.495455,0.750000,0.000000,0.000000,1.000000
845,33,0,0.127969,-5.064074,6.495455,0.350000,0.000000,0.000000,-1.000000
846,33,4,1.299433,-5.064074,6.495455,0.550000,-0.070781,-0.245193,-0.966887
847,33,1,0.002217,-4.979596,6.394932,0.736362,-0.513640,-0.485977,0.707107
848,33,0,0.009453,-4.941910,6.418410,0.740000,0.000000,0.000000,1.000000
849,33,1,0.002219,-4.937478,6.461230,0.736371,0.152885,0.690381,0.707107
850,33,0,0.004225,-4.936302,6.464696,0.715000,0.216212,0.976346,0.000000
851,33,0,0.004246,-4.982466,6.392685,0.715000,-0.726397,-0.687276,0.000000
