graph_id,model_name,candidate_id,host_face_id,local_wire_index,hostFaceArea,hostFaceRelativeArea,hostFacePerimeter,hostInnerWireCount,hostNeighborFaceCount,wireLength,wireLengthRatio,estimatedHoleRadius,estimatedHoleArea,wireCenterX,wireCenterY,wireCenterZ,adjacentFaceCount,adjacentCylinderCount,adjacentSmallCylinderCount,minAdjacentCylinderRadius,maxAdjacentCylinderRadius,concaveEdgeRatio,label
0,"55.step",0,9,0,1560.32,0.000211469,219.065,1,5,26.7035,0.121898,4.25,56.745,60,-70,158,5,4,0,3.535,10,0,0
0,"55.step",1,57,0,5140.41,0.000696677,523.739,4,44,35.6168,0.0680048,5.66859,100.949,22.4892,-1.63,209.035,44,18,10,1.905,4.65,0.0909091,1
0,"55.step",2,57,1,5140.41,0.000696677,523.739,4,44,35.6168,0.0680048,5.66859,100.949,97.5108,-1.63,209.035,44,18,10,1.905,4.65,0.0909091,1
0,"55.step",3,58,0,5140.41,0.000696677,523.739,4,40,35.6168,0.0680048,5.66859,100.949,97.5108,-1.97358e-16,209.035,40,18,0,3.535,4.65,0,1
0,"55.step",4,58,1,5140.41,0.000696677,523.739,4,40,35.6168,0.0680048,5.66859,100.949,22.4892,1.19262e-15,209.035,40,18,0,3.535,4.65,0,1
0,"55.step",5,112,0,201.062,2.72498e-05,100.531,1,2,37.6991,0.375,6,113.097,60,-70,197.5,2,2,0,6,10,0,0
0,"55.step",6,116,0,1577.81,0.00021384,217.024,1,2,62.8319,0.289516,10,314.159,60,-70,182.5,2,1,0,10,10,1,0
0,"55.step",7,125,0,1021.02,0.000138378,408.407,1,2,188.496,0.461538,30,2827.43,60,-70,197.5,2,1,0,35,35,0,0
0,"55.step",8,140,0,71.9111,9.74606e-06,68.4867,1,2,27.646,0.40367,4.4,60.8212,60,-70,158,2,1,0,6.5,6.5,0,0
0,"55.step",9,163,0,69.5254,9.42273e-06,63.9314,1,2,25.1327,0.39312,4,50.2655,60,-70,211,2,0,0,0,0,0,0
0,"55.step",10,172,0,51.0587,6.91996e-06,61.8894,1,2,25.7611,0.416244,4.1,52.8102,60,-70,201.37,2,2,0,4.1,5.75,0,0
0,"55.step",11,349,0,7011.07,0.000950205,531.007,5,25,47.1239,0.0887444,7.5,176.715,441,1.9531e-12,180.5,25,13,0,4.65,7.5,0,0
0,"55.step",12,349,1,7011.07,0.000950205,531.007,5,25,35.6168,0.0670741,5.66859,100.949,403.489,1.96812e-12,151.969,25,13,0,4.65,7.5,0,1
0,"55.step",13,349,3,7011.07,0.000950205,531.007,5,25,35.6168,0.0670741,5.66859,100.949,478.511,1.935e-12,151.969,25,13,0,4.65,7.5,0,1
0,"55.step",14,355,0,2822.91,0.000382587,241.274,1,2,47.1239,0.195312,7.5,176.715,441,-5.65,180.5,2,1,0,7.5,7.5,0,0
0,"55.step",15,369,0,3556.1,0.000481956,697.511,5,25,213.628,0.306272,34,3631.68,441,-2.55,180.5,25,12,0,4.65,5,0.04,0
0,"55.step",16,369,1,3556.1,0.000481956,697.511,5,25,35.6168,0.0510627,5.66859,100.949,403.489,-2.55,151.969,25,12,0,4.65,5,0.04,1
0,"55.step",17,369,3,3556.1,0.000481956,697.511,5,25,35.6168,0.0510627,5.66859,100.949,478.511,-2.55,151.969,25,12,0,4.65,5,0.04,1
0,"55.step",18,398,0,2474.61,0.000335382,291.704,1,12,25.7611,0.0883124,4.1,52.8102,471,-70,203.37,12,8,3,2,20,0,0
0,"55.step",19,441,0,201.062,2.72498e-05,100.531,1,2,37.6991,0.375,6,113.097,471,-70,197.5,2,2,0,6,10,0,0
0,"55.step",20,445,0,1577.81,0.00021384,217.024,1,2,62.8319,0.289516,10,314.159,471,-70,182.5,2,1,0,10,10,1,0
0,"55.step",21,454,0,1021.02,0.000138378,408.407,1,2,188.496,0.461538,30,2827.43,471,-70,197.5,2,1,0,35,35,0,0
0,"55.step",22,462,0,71.9111,9.74606e-06,68.4867,1,2,27.646,0.40367,4.4,60.8212,471,-70,203.37,2,1,0,6.5,6.5,0,0
0,"55.step",23,492,0,69.5254,9.42273e-06,63.9314,1,2,25.1327,0.39312,4,50.2655,471,-70,149.63,2,0,0,0,0,0,0
0,"55.step",24,660,0,424.115,5.748e-05,169.646,1,2,69.115,0.407407,11,380.133,504,566,173.5,2,2,0,11,16,0.5,0
0,"55.step",25,662,0,203.418,2.75691e-05,116.239,1,2,47.1239,0.405405,7.5,176.715,486.5,566,173.5,2,2,0,7.5,11,0,0
0,"55.step",26,664,0,137.445,1.86278e-05,109.956,1,2,47.1239,0.428571,7.5,176.715,510.5,566,173.5,2,1,0,7.5,7.5,0,0
0,"55.step",27,674,0,146.122,1.98039e-05,114.371,1,9,47.1239,0.412027,7.5,176.715,511,566,173.5,9,3,0,7.5,10,0.333333,0
0,"55.step",28,688,0,337.896,4.57948e-05,99.6568,1,5,25.1327,0.252193,4,50.2655,482,566,173.5,5,3,0,4,10,0,0
0,"55.step",29,690,0,337.896,4.57948e-05,99.6568,1,5,25.1327,0.252193,4,50.2655,486,566,173.5,5,3,1,1.905,10,0,0
0,"55.step",30,783,0,308907,0.041866,2705.9,3,14,278.54,0.102938,44.331,6173.97,501,488.5,-0.5,14,8,0,3.5,12.5,0,0
0,"55.step",31,783,1,308907,0.041866,2705.9,3,14,70.6858,0.0261228,11.25,397.608,501,566,173.5,14,8,0,3.5,12.5,0,0
0,"55.step",32,785,0,308907,0.041866,2705.9,3,14,278.54,0.102938,44.331,6173.97,504,488.5,-0.5,14,8,0,3.5,12.5,0,0
0,"55.step",33,785,1,308907,0.041866,2705.9,3,14,70.6858,0.0261228,11.25,397.608,504,566,173.5,14,8,0,3.5,12.5,0,0
0,"55.step",34,812,0,213.825,2.89795e-05,155.509,1,2,69.115,0.444444,11,380.133,51.5,566,229.5,2,2,0,11,13.75,0.5,0
0,"55.step",35,813,0,179.071,2.42693e-05,119.381,1,2,50.2655,0.421053,8,201.062,51.5,566,234.5,2,1,0,8,8,0,0
0,"55.step",36,817,0,47.1239,6.38667e-06,94.2478,1,2,43.9823,0.466667,7,153.938,51.5,566,230.5,2,2,0,7,8,0.5,0
0,"55.step",37,835,0,337.896,4.57948e-05,99.6568,1,5,25.1327,0.252193,4,50.2655,51.5,566,206,5,3,0,4,10,0,0
0,"55.step",38,865,0,213.825,2.89795e-05,155.509,1,2,69.115,0.444444,11,380.133,449.5,566,228,2,2,0,11,13.75,0.5,0
0,"55.step",39,866,0,179.071,2.42693e-05,119.381,1,2,50.2655,0.421053,8,201.062,449.5,566,233,2,1,0,8,8,0,0
0,"55.step",40,870,0,47.1239,6.38667e-06,94.2478,1,2,43.9823,0.466667,7,153.938,449.5,566,229,2,2,0,7,8,0.5,0
0,"55.step",41,888,0,337.896,4.57948e-05,99.6568,1,5,25.1327,0.252193,4,50.2655,449.5,566,204.5,5,3,0,4,10,0,0
0,"55.step",42,917,0,344835,0.0467352,2684.44,3,11,157.08,0.0585148,25,1963.5,250.5,328,228,11,7,0,3.5,25,0,0
0,"55.step",43,917,1,344835,0.0467352,2684.44,3,11,70.6858,0.0263317,11.25,397.608,449.5,566,228,11,7,0,3.5,25,0,0
0,"55.step",44,917,2,344835,0.0467352,2684.44,3,11,70.6858,0.0263317,11.25,397.608,51.5,566,228,11,7,0,3.5,25,0,0
0,"55.step",45,1089,0,14101.1,0.00191111,1259.83,7,9,471.239,0.374049,75,17671.5,-3,611,-105.5,9,8,0,4,102,0,0
0,"55.step",46,1089,1,14101.1,0.00191111,1259.83,7,9,25.1327,0.0199493,4,50.2655,-3,533.491,-150.25,9,8,0,4,102,0,1
0,"55.step",47,1089,3,14101.1,0.00191111,1259.83,7,9,25.1327,0.0199493,4,50.2655,-3,611,-16,9,8,0,4,102,0,1
0,"55.step",48,1089,4,14101.1,0.00191111,1259.83,7,9,25.1327,0.0199493,4,50.2655,-3,688.509,-60.75,9,8,0,4,102,0,1
0,"55.step",49,1096,0,14101.1,0.00191111,1259.83,7,9,471.239,0.374049,75,17671.5,-1.5,611,-105.5,9,8,0,4,102,0,0
0,"55.step",50,1096,1,14101.1,0.00191111,1259.83,7,9,25.1327,0.0199493,4,50.2655,-1.5,533.491,-150.25,9,8,0,4,102,0,1
0,"55.step",51,1096,3,14101.1,0.00191111,1259.83,7,9,25.1327,0.0199493,4,50.2655,-1.5,611,-16,9,8,0,4,102,0,1
0,"55.step",52,1096,4,14101.1,0.00191111,1259.83,7,9,25.1327,0.0199493,4,50.2655,-1.5,688.509,-60.75,9,8,0,4,102,0,1
0,"55.step",53,1114,0,570.236,7.72836e-05,934.812,1,2,463.573,0.4959,73.78,17101.2,-188.5,792,-105.5,2,2,0,73.78,75,0.5,0
0,"55.step",54,1118,0,570.236,7.72836e-05,934.812,1,2,463.573,0.4959,73.78,17101.2,-7.5,611,-105.5,2,2,0,73.78,75,0.5,0
0,"55.step",55,1145,0,293914,0.039834,2892.04,7,11,486.947,0.168375,77.5,18869.2,2.5,611,-105.5,11,11,4,1,77.5,0,0
0,"55.step",56,1145,1,293914,0.039834,2892.04,7,11,18.8496,0.00651773,3,28.2743,2.5,533.491,-60.75,11,11,4,1,77.5,0,1
0,"55.step",57,1145,3,293914,0.039834,2892.04,7,11,18.8496,0.00651773,3,28.2743,2.5,611,-195,11,11,4,1,77.5,0,1
0,"55.step",58,1145,4,293914,0.039834,2892.04,7,11,18.8496,0.00651773,3,28.2743,2.5,688.509,-150.25,11,11,4,1,77.5,0,1
0,"55.step",59,1166,0,170938,0.0231671,3133.21,12,20,785.398,0.250669,125,49087.4,251,701.5,5.74801e-13,20,16,4,1,125,0,0
0,"55.step",60,1166,1,170938,0.0231671,3133.21,12,20,78.5398,0.0250669,12.5,490.874,20,701.5,5.94014e-14,20,16,4,1,125,0,0
0,"55.step",61,1166,2,170938,0.0231671,3133.21,12,20,53.4071,0.0170455,8.5,226.98,153.773,701.5,-97.2272,20,16,4,1,125,0,0
0,"55.step",62,1166,3,170938,0.0231671,3133.21,12,20,53.4071,0.0170455,8.5,226.98,348.227,701.5,-97.2272,20,16,4,1,125,0,0
0,"55.step",63,1166,6,170938,0.0231671,3133.21,12,20,28.2743,0.00902407,4.5,63.6173,153.5,701.5,-168.875,20,16,4,1,125,0,1
0,"55.step",64,1166,7,170938,0.0231671,3133.21,12,20,28.2743,0.00902407,4.5,63.6173,348.5,701.5,-168.875,20,16,4,1,125,0,1
0,"55.step",65,1166,8,170938,0.0231671,3133.21,12,20,28.2743,0.00902407,4.5,63.6173,446,701.5,2.13163e-14,20,16,4,1,125,0,1
0,"55.step",66,1166,11,170938,0.0231671,3133.21,12,20,28.2743,0.00902407,4.5,63.6173,56,701.5,2.13163e-14,20,16,4,1,125,0,1
0,"55.step",67,1167,0,170938,0.0231671,3133.21,12,20,785.398,0.250669,125,49087.4,251,704,5.74801e-13,20,16,0,3.5,125,0,0
0,"55.step",68,1167,1,170938,0.0231671,3133.21,12,20,78.5398,0.0250669,12.5,490.874,20,704,5.94014e-14,20,16,0,3.5,125,0,0
0,"55.step",69,1167,2,170938,0.0231671,3133.21,12,20,53.4071,0.0170455,8.5,226.98,153.773,704,-97.2272,20,16,0,3.5,125,0,0
0,"55.step",70,1167,3,170938,0.0231671,3133.21,12,20,53.4071,0.0170455,8.5,226.98,348.227,704,-97.2272,20,16,0,3.5,125,0,0
0,"55.step",71,1167,6,170938,0.0231671,3133.21,12,20,28.2743,0.00902407,4.5,63.6173,348.5,704,-168.875,20,16,0,3.5,125,0,1
0,"55.step",72,1167,7,170938,0.0231671,3133.21,12,20,28.2743,0.00902407,4.5,63.6173,446,704,2.3438e-16,20,16,0,3.5,125,0,1
0,"55.step",73,1167,9,170938,0.0231671,3133.21,12,20,28.2743,0.00902407,4.5,63.6173,56,704,2.13163e-14,20,16,0,3.5,125,0,1
0,"55.step",74,1167,10,170938,0.0231671,3133.21,12,20,28.2743,0.00902407,4.5,63.6173,153.5,704,-168.875,20,16,0,3.5,125,0,1
0,"55.step",75,1168,0,293914,0.039834,2892.04,7,11,486.947,0.168375,77.5,18869.2,0,611,-105.5,11,11,0,3,77.5,0,0
0,"55.step",76,1168,1,293914,0.039834,2892.04,7,11,18.8496,0.00651773,3,28.2743,4.89859e-17,533.491,-60.75,11,11,0,3,77.5,0,1
0,"55.step",77,1168,3,293914,0.039834,2892.04,7,11,18.8496,0.00651773,3,28.2743,4.89859e-17,611,-195,11,11,0,3,77.5,0,1
0,"55.step",78,1168,4,293914,0.039834,2892.04,7,11,18.8496,0.00651773,3,28.2743,4.89859e-17,688.509,-150.25,11,11,0,3,77.5,0,1
0,"55.step",79,1228,0,220725,0.0299146,2366.66,17,25,28.2743,0.0119469,4.5,63.6173,250.5,2.5,-2.13163e-14,25,21,4,1,4.5,0,1
0,"55.step",80,1228,1,220725,0.0299146,2366.66,17,25,28.2743,0.0119469,4.5,63.6173,478.5,2.5,-152,25,21,4,1,4.5,0,1
0,"55.step",81,1228,2,220725,0.0299146,2366.66,17,25,28.2743,0.0119469,4.5,63.6173,403.5,2.5,-209,25,21,4,1,4.5,0,1
0,"55.step",82,1228,3,220725,0.0299146,2366.66,17,25,28.2743,0.0119469,4.5,63.6173,97.5,2.5,-209,25,21,4,1,4.5,0,1
0,"55.step",83,1228,4,220725,0.0299146,2366.66,17,25,28.2743,0.0119469,4.5,63.6173,22.5,2.5,-209,25,21,4,1,4.5,0,1
0,"55.step",84,1239,0,220725,0.0299146,2366.66,17,25,28.2743,0.0119469,4.5,63.6173,250.5,0,-2.13163e-14,25,21,0,3.5,4.5,0,1
0,"55.step",85,1239,1,220725,0.0299146,2366.66,17,25,28.2743,0.0119469,4.5,63.6173,478.5,0,-152,25,21,0,3.5,4.5,0,1
0,"55.step",86,1239,2,220725,0.0299146,2366.66,17,25,28.2743,0.0119469,4.5,63.6173,403.5,0,-209,25,21,0,3.5,4.5,0,1
0,"55.step",87,1239,3,220725,0.0299146,2366.66,17,25,28.2743,0.0119469,4.5,63.6173,97.5,0,-209,25,21,0,3.5,4.5,0,1
0,"55.step",88,1239,4,220725,0.0299146,2366.66,17,25,28.2743,0.0119469,4.5,63.6173,22.5,0,-209,25,21,0,3.5,4.5,0,1
0,"55.step",89,1256,0,14311.1,0.00193957,1495.74,3,7,18.8496,0.0126022,3,28.2743,489.5,38,228,7,4,0,3,4.405,0,1
0,"55.step",90,1256,1,14311.1,0.00193957,1495.74,3,7,18.8496,0.0126022,3,28.2743,489.5,352,228,7,4,0,3,4.405,0,1
0,"55.step",91,1256,2,14311.1,0.00193957,1495.74,3,7,18.8496,0.0126022,3,28.2743,489.5,666,228,7,4,0,3,4.405,0,1
0,"55.step",92,1293,0,82.4668,1.11767e-05,65.9734,1,7,25.1327,0.380952,4,50.2655,22.5,9.3,152,7,0,0,0,0,0,0
0,"55.step",93,1296,0,82.4668,1.11767e-05,65.9734,1,7,25.1327,0.380952,4,50.2655,22.5,2.5,152,7,1,0,4,4,0,0
0,"55.step",94,1317,0,82.4668,1.11767e-05,65.9734,1,7,25.1327,0.380952,4,50.2655,97.5,9.3,152,7,0,0,0,0,0,0
0,"55.step",95,1320,0,82.4668,1.11767e-05,65.9734,1,7,25.1327,0.380952,4,50.2655,97.5,2.5,152,7,1,0,4,4,0,0
0,"55.step",96,1485,0,82.4668,1.11767e-05,65.9734,1,7,25.1327,0.380952,4,50.2655,403.5,9.3,-152,7,0,0,0,0,0,0
0,"55.step",97,1488,0,82.4668,1.11767e-05,65.9734,1,7,25.1327,0.380952,4,50.2655,403.5,2.5,-152,7,1,0,4,4,0,0
0,"55.step",98,1581,0,82.4668,1.11767e-05,65.9734,1,7,25.1327,0.380952,4,50.2655,478.5,9.3,209,7,0,0,0,0,0,0
0,"55.step",99,1584,0,82.4668,1.11767e-05,65.9734,1,7,25.1327,0.380952,4,50.2655,478.5,2.5,209,7,1,0,4,4,0,0
0,"55.step",100,1671,0,96.0928,1.30234e-05,70.1661,1,7,25.1327,0.358189,4,50.2655,478.5,-2.55,-209,7,1,0,4,4,0.142857,0
0,"55.step",101,1705,0,96.0928,1.30234e-05,70.1661,1,7,25.1327,0.358189,4,50.2655,403.5,-2.55,-209,7,1,0,4,4,0.142857,0
0,"55.step",102,1807,0,96.0928,1.30234e-05,70.1661,1,7,25.1327,0.358189,4,50.2655,22.5,-1.63,209,7,1,0,4,4,0.142857,0
0,"55.step",103,1841,0,96.0928,1.30234e-05,70.1661,1,7,25.1327,0.358189,4,50.2655,97.5,-1.63,209,7,1,0,4,4,0.142857,0
0,"55.step",104,1953,0,50.2655,6.81245e-06,50.2655,1,7,18.8496,0.375,3,28.2743,7.7,611,-16,7,0,0,0,0,0,0
0,"55.step",105,1977,0,50.2655,6.81245e-06,50.2655,1,7,18.8496,0.375,3,28.2743,7.7,533.491,-60.75,7,0,0,0,0,0,0
0,"55.step",106,2049,0,50.2655,6.81245e-06,50.2655,1,7,18.8496,0.375,3,28.2743,7.7,688.509,-60.75,7,0,0,0,0,0,0
0,"55.step",107,2078,0,62.8633,8.51982e-06,54.6637,1,2,20.1062,0.367816,3.2,32.1699,-4.6,688.509,-60.75,2,2,0,3.2,5.5,0,0
0,"55.step",108,2079,0,62.8633,8.51982e-06,54.6637,1,2,20.1062,0.367816,3.2,32.1699,-3,688.509,-60.75,2,2,0,3.2,5.5,0,0
0,"55.step",109,2082,0,62.8633,8.51982e-06,54.6637,1,2,20.1062,0.367816,3.2,32.1699,-4.6,533.491,-150.25,2,2,0,3.2,5.5,0,0
0,"55.step",110,2083,0,62.8633,8.51982e-06,54.6637,1,2,20.1062,0.367816,3.2,32.1699,-3,533.491,-150.25,2,2,0,3.2,5.5,0,0
0,"55.step",111,2086,0,62.8633,8.51982e-06,54.6637,1,2,20.1062,0.367816,3.2,32.1699,-3,611,-16,2,2,0,3.2,5.5,0,0
0,"55.step",112,2087,0,62.8633,8.51982e-06,54.6637,1,2,20.1062,0.367816,3.2,32.1699,-4.6,611,-16,2,2,0,3.2,5.5,0,0
0,"55.step",113,2108,0,53.4071,7.23822e-06,53.4071,1,2,20.4204,0.382353,3.25,33.1831,-4.6,688.509,-150.25,2,1,0,5.25,5.25,0,0
0,"55.step",114,2110,0,7.79113,1.05593e-06,30.3498,1,7,13.8564,0.456557,2.20532,15.2789,-7.9,688.509,-150.25,7,0,0,0,0,0,0
0,"55.step",115,2129,0,53.4071,7.23822e-06,53.4071,1,2,20.4204,0.382353,3.25,33.1831,-4.6,611,-195,2,1,0,5.25,5.25,0,0
0,"55.step",116,2131,0,7.79113,1.05593e-06,30.3498,1,7,13.8564,0.456557,2.20532,15.2789,-7.9,611,-195,7,0,0,0,0,0,0
0,"55.step",117,2150,0,53.4071,7.23822e-06,53.4071,1,2,20.4204,0.382353,3.25,33.1831,-4.6,533.491,-150.25,2,1,0,5.25,5.25,0,0
0,"55.step",118,2152,0,7.79113,1.05593e-06,30.3498,1,7,13.8564,0.456557,2.20532,15.2789,-7.9,533.491,-150.25,7,0,0,0,0,0,0
0,"55.step",119,2243,0,82.4668,1.11767e-05,65.9734,1,7,25.1327,0.380952,4,50.2655,153.5,694.7,-168.875,7,0,0,0,0,0,0
0,"55.step",120,2246,0,82.4668,1.11767e-05,65.9734,1,7,25.1327,0.380952,4,50.2655,153.5,701.5,-168.875,7,1,0,4,4,0,0
0,"55.step",121,2267,0,82.4668,1.11767e-05,65.9734,1,7,25.1327,0.380952,4,50.2655,56,694.7,1.11022e-16,7,0,0,0,0,0,0
0,"55.step",122,2270,0,82.4668,1.11767e-05,65.9734,1,7,25.1327,0.380952,4,50.2655,56,701.5,1.41358e-16,7,1,0,4,4,0,0
0,"55.step",123,2291,0,82.4668,1.11767e-05,65.9734,1,7,25.1327,0.380952,4,50.2655,348.5,694.7,168.875,7,0,0,0,0,0,0
0,"55.step",124,2294,0,82.4668,1.11767e-05,65.9734,1,7,25.1327,0.380952,4,50.2655,348.5,701.5,168.875,7,1,0,4,4,0,0
0,"55.step",125,2315,0,82.4668,1.11767e-05,65.9734,1,7,25.1327,0.380952,4,50.2655,446,694.7,1.11022e-16,7,0,0,0,0,0,0
0,"55.step",126,2318,0,82.4668,1.11767e-05,65.9734,1,7,25.1327,0.380952,4,50.2655,446,701.5,1.41358e-16,7,1,0,4,4,0,0
0,"55.step",127,2371,0,88820.7,0.0120378,2387.61,11,12,785.398,0.328947,125,49087.4,251,708,-4.26553e-13,12,12,0,4.5,210,0,0
0,"55.step",128,2371,1,88820.7,0.0120378,2387.61,11,12,28.2743,0.0118421,4.5,63.6173,348.227,708,97.2272,12,12,0,4.5,210,0,1
0,"55.step",129,2371,2,88820.7,0.0120378,2387.61,11,12,28.2743,0.0118421,4.5,63.6173,348.5,708,-168.875,12,12,0,4.5,210,0,1
0,"55.step",130,2371,3,88820.7,0.0120378,2387.61,11,12,28.2743,0.0118421,4.5,63.6173,153.5,708,-168.875,12,12,0,4.5,210,0,1
0,"55.step",131,2371,4,88820.7,0.0120378,2387.61,11,12,28.2743,0.0118421,4.5,63.6173,56,708,-2.99637e-13,12,12,0,4.5,210,0,1
0,"55.step",132,2371,7,88820.7,0.0120378,2387.61,11,12,28.2743,0.0118421,4.5,63.6173,446,708,-1.37981e-12,12,12,0,4.5,210,0,1
0,"55.step",133,2371,8,88820.7,0.0120378,2387.61,11,12,28.2743,0.0118421,4.5,63.6173,153.773,708,97.2272,12,12,0,4.5,210,0,1
0,"55.step",134,2381,1,88270.9,0.0119633,2475.58,11,12,50.2655,0.0203046,8,201.062,153.773,704,97.2272,12,8,0,4.5,210,0,0
0,"55.step",135,2381,3,88270.9,0.0119633,2475.58,11,12,50.2655,0.0203046,8,201.062,348.227,704,-97.2272,12,8,0,4.5,210,0,0
0,"55.step",136,2389,0,121.297,1.64393e-05,73.5133,1,2,26.3894,0.358974,4.2,55.4177,348.5,709.6,168.875,2,2,0,4.2,7.5,0,0
0,"55.step",137,2391,0,121.297,1.64393e-05,73.5133,1,2,26.3894,0.358974,4.2,55.4177,348.5,708,168.875,2,2,0,4.2,7.5,0,0
0,"55.step",138,2393,0,121.297,1.64393e-05,73.5133,1,2,26.3894,0.358974,4.2,55.4177,153.5,709.6,168.875,2,2,0,4.2,7.5,0,0
0,"55.step",139,2395,0,121.297,1.64393e-05,73.5133,1,2,26.3894,0.358974,4.2,55.4177,153.5,708,168.875,2,2,0,4.2,7.5,0,0
0,"55.step",140,2401,0,121.297,1.64393e-05,73.5133,1,2,26.3894,0.358974,4.2,55.4177,446,709.6,1.9984e-14,2,2,0,4.2,7.5,0,0
0,"55.step",141,2403,0,121.297,1.64393e-05,73.5133,1,2,26.3894,0.358974,4.2,55.4177,446,708,1.9984e-14,2,2,0,4.2,7.5,0,0
0,"55.step",142,2409,0,121.297,1.64393e-05,73.5133,1,2,26.3894,0.358974,4.2,55.4177,56,709.6,1.9984e-14,2,2,0,4.2,7.5,0,0
0,"55.step",143,2411,0,121.297,1.64393e-05,73.5133,1,2,26.3894,0.358974,4.2,55.4177,56,708,1.9984e-14,2,2,0,4.2,7.5,0,0
0,"55.step",144,2426,0,16.8339,2.28148e-06,39.3117,1,7,17.3205,0.440595,2.75664,23.8732,153.5,714,-168.875,7,0,0,0,0,0,0
0,"55.step",145,2427,0,93.1168,1.26201e-05,71.6283,1,2,27.646,0.385965,4.4,60.8212,153.5,709.6,-168.875,2,1,0,7,7,0,0
0,"55.step",146,2447,0,16.8339,2.28148e-06,39.3117,1,7,17.3205,0.440595,2.75664,23.8732,56,714,2.56395e-17,7,0,0,0,0,0,0
0,"55.step",147,2448,0,93.1168,1.26201e-05,71.6283,1,2,27.646,0.385965,4.4,60.8212,56,709.6,2.09933e-14,2,1,0,7,7,0,0
0,"55.step",148,2489,0,16.8339,2.28148e-06,39.3117,1,7,17.3205,0.440595,2.75664,23.8732,348.5,714,168.875,7,0,0,0,0,0,0
0,"55.step",149,2490,0,93.1168,1.26201e-05,71.6283,1,2,27.646,0.385965,4.4,60.8212,348.5,709.6,168.875,2,1,0,7,7,0,0
0,"55.step",150,2510,0,16.8339,2.28148e-06,39.3117,1,7,17.3205,0.440595,2.75664,23.8732,446,714,5.1279e-17,7,0,0,0,0,0,0
0,"55.step",151,2511,0,93.1168,1.26201e-05,71.6283,1,2,27.646,0.385965,4.4,60.8212,446,709.6,2.09933e-14,2,1,0,7,7,0,0
0,"55.step",152,2542,0,159.285,2.15878e-05,82.6195,1,5,22.6195,0.273779,3.6,40.715,306.34,-100.411,-3.08395e-17,5,3,2,1.5,3.6,0,0
0,"55.step",153,2543,0,159.285,2.15878e-05,82.6195,1,5,22.6195,0.273779,3.6,40.715,304.042,-102.34,-3.08395e-17,5,3,2,1.5,3.6,0,0
0,"55.step",154,2544,0,159.285,2.15878e-05,82.6195,1,5,22.6195,0.273779,3.6,40.715,250.5,-6.59575e-29,3.08395e-17,5,3,2,1.5,3.6,0,0
0,"55.step",155,2545,0,159.285,2.15878e-05,82.6195,1,5,22.6195,0.273779,3.6,40.715,250.5,-3,3.08395e-17,5,3,2,1.5,3.6,0,0
0,"55.step",156,2578,0,58.3282,7.90518e-06,53.4906,1,7,18.8496,0.35239,3,28.2743,250.5,-3,-5.81105e-12,7,1,0,3,3,0.142857,0
0,"55.step",157,2599,0,50.2655,6.81245e-06,50.2655,1,7,18.8496,0.375,3,28.2743,250.5,2.5,-1.9836e-14,7,1,0,3,3,0,0
0,"55.step",158,2602,0,50.2655,6.81245e-06,50.2655,1,7,18.8496,0.375,3,28.2743,250.5,8.6,-1.87258e-14,7,0,0,0,0,0,0
0,"55.step",159,2615,0,12507.2,0.00169509,1254.27,7,9,477.522,0.380717,76,18145.8,-1.5,611,-105.5,9,8,0,4,100,0,0
0,"55.step",160,2615,1,12507.2,0.00169509,1254.27,7,9,25.1327,0.0200377,4,50.2655,-1.5,533.058,-150.5,9,8,0,4,100,0,1
0,"55.step",161,2615,4,12507.2,0.00169509,1254.27,7,9,25.1327,0.0200377,4,50.2655,-1.5,688.942,-60.5,9,8,0,4,100,0,1
0,"55.step",162,2616,0,12507.2,0.00169509,1254.27,7,9,477.522,0.380717,76,18145.8,3.08237e-28,611,-105.5,9,8,0,4,100,0,0
0,"55.step",163,2616,1,12507.2,0.00169509,1254.27,7,9,25.1327,0.0200377,4,50.2655,-9.15674e-14,533.058,-150.5,9,8,0,4,100,0,1
0,"55.step",164,2616,3,12507.2,0.00169509,1254.27,7,9,25.1327,0.0200377,4,50.2655,1.32565e-13,611,-15.5,9,8,0,4,100,0,1
0,"55.step",165,2616,4,12507.2,0.00169509,1254.27,7,9,25.1327,0.0200377,4,50.2655,1.47079e-13,688.942,-60.5,9,8,0,4,100,0,1
0,"55.step",166,2626,0,741.919,0.000100552,309.133,1,2,139.487,0.45122,22.2,1548.3,250.5,328,234.55,2,1,0,22.2,22.2,0,0
0,"55.step",167,2633,0,615.25,8.33844e-05,341.805,1,2,159.593,0.466912,25.4,2026.83,250.5,328,229.5,2,2,0,25.4,29,0.5,0
0,"55.step",168,2637,0,120.755,1.63658e-05,322.013,1,2,158.65,0.492683,25.25,2002.96,250.5,328,-227.5,2,1,0,25.25,25.25,0.5,0
0,"55.step",169,2639,0,147.655,2.00116e-05,295.31,1,2,144.513,0.489362,23,1661.9,250.5,328,-223.3,2,1,0,23,23,0,0
0,"55.step",170,2652,0,160.764,2.17882e-05,65.1984,1,7,17.3205,0.265659,2.75664,23.8732,348.227,703.04,97.2272,7,1,0,7.62,7.62,0,0
0,"55.step",171,2672,0,160.764,2.17882e-05,65.1984,1,7,17.3205,0.265659,2.75664,23.8732,153.773,703.04,97.2272,7,1,0,7.62,7.62,0,0
0,"55.step",172,2726,0,14137.2,0.001916,1413.72,1,2,644.026,0.455556,102.5,33006.4,251,716.5,1.0803e-12,2,2,0,102.5,122.5,0,0
0,"55.step",173,2728,0,14137.2,0.001916,1413.72,1,2,644.026,0.455556,102.5,33006.4,251,701.5,1.0803e-12,2,2,0,102.5,122.5,0,0
0,"55.step",174,2729,0,27.9293,3.78524e-06,223.435,1,12,110.851,0.496124,17.6425,977.848,296.962,1075.5,45.9619,12,0,0,0,0,0,0
0,"55.step",175,2733,0,159.972,2.16809e-05,209.973,1,7,97.3894,0.463819,15.5,754.768,296.962,1072,45.9619,7,1,0,15.5,15.5,0.142857,0
0,"55.step",176,2738,0,47.9093,6.49311e-06,191.637,1,2,94.2478,0.491803,15,706.858,296.962,1050.5,45.9619,2,2,0,15,15.5,0,0
0,"55.step",177,2755,0,836.545,0.000113376,135.984,1,7,25.1327,0.184821,4,50.2655,296.962,1075.5,45.9619,7,1,0,4,4,0.142857,0
0,"55.step",178,2764,0,656.593,8.89876e-05,119.381,1,2,25.1327,0.210526,4,50.2655,296.962,1050.5,45.9619,2,2,0,4,15,0.5,0
0,"55.step",179,2765,0,27.9293,3.78524e-06,223.435,1,12,110.851,0.496124,17.6425,977.848,205.038,1075.5,45.9619,12,0,0,0,0,0,0
0,"55.step",180,2769,0,159.972,2.16809e-05,209.973,1,7,97.3894,0.463819,15.5,754.768,205.038,1072,45.9619,7,1,0,15.5,15.5,0.142857,0
0,"55.step",181,2774,0,47.9093,6.49311e-06,191.637,1,2,94.2478,0.491803,15,706.858,205.038,1050.5,45.9619,2,2,0,15,15.5,0,0
0,"55.step",182,2791,0,836.545,0.000113376,135.984,1,7,25.1327,0.184821,4,50.2655,205.038,1075.5,45.9619,7,1,0,4,4,0.142857,0
0,"55.step",183,2800,0,656.593,8.89876e-05,119.381,1,2,25.1327,0.210526,4,50.2655,205.038,1050.5,45.9619,2,2,0,4,15,0.5,0
0,"55.step",184,2882,0,17637.7,0.00239042,845.648,9,10,125.664,0.1486,20,1256.64,251,1048.5,-9.93206e-13,10,9,0,4.5,20,0,0
0,"55.step",185,2882,1,17637.7,0.00239042,845.648,9,10,28.2743,0.0334351,4.5,63.6173,205.038,1048.5,45.9619,10,9,0,4.5,20,0,1
0,"55.step",186,2882,3,17637.7,0.00239042,845.648,9,10,28.2743,0.0334351,4.5,63.6173,251,1048.5,-65,10,9,0,4.5,20,0,1
0,"55.step",187,2882,4,17637.7,0.00239042,845.648,9,10,28.2743,0.0334351,4.5,63.6173,296.962,1048.5,-45.9619,10,9,0,4.5,20,0,1
0,"55.step",188,2882,6,17637.7,0.00239042,845.648,9,10,28.2743,0.0334351,4.5,63.6173,186,1048.5,-6.80403e-13,10,9,0,4.5,20,0,1
0,"55.step",189,2882,7,17637.7,0.00239042,845.648,9,10,28.2743,0.0334351,4.5,63.6173,316,1048.5,-8.48399e-13,10,9,0,4.5,20,0,1
0,"55.step",190,2926,0,96.1327,1.30288e-05,96.1327,1,2,41.7832,0.434641,6.65,138.929,79.275,1085.5,-1.96855e-12,2,2,0,6.65,8.65,0,0
0,"55.step",191,2927,0,96.1327,1.30288e-05,96.1327,1,2,41.7832,0.434641,6.65,138.929,129.572,1085.5,121.428,2,2,0,6.65,8.65,0,0
0,"55.step",192,2928,0,96.1327,1.30288e-05,96.1327,1,2,41.7832,0.434641,6.65,138.929,251,1085.5,171.725,2,2,0,6.65,8.65,0,0
0,"55.step",193,2929,0,96.1327,1.30288e-05,96.1327,1,2,41.7832,0.434641,6.65,138.929,372.428,1085.5,121.428,2,2,0,6.65,8.65,0,0
0,"55.step",194,2930,0,96.1327,1.30288e-05,96.1327,1,2,41.7832,0.434641,6.65,138.929,422.725,1085.5,-1.4124e-14,2,2,0,6.65,8.65,0,0
0,"55.step",195,3037,0,17637.7,0.00239042,845.648,9,10,125.664,0.1486,20,1256.64,251,1050.5,-1.08642e-12,10,9,0,4.5,20,0,0
0,"55.step",196,3037,1,17637.7,0.00239042,845.648,9,10,28.2743,0.0334351,4.5,63.6173,205.038,1050.5,45.9619,10,9,0,4.5,20,0,1
0,"55.step",197,3037,2,17637.7,0.00239042,845.648,9,10,28.2743,0.0334351,4.5,63.6173,186,1050.5,-6.80591e-13,10,9,0,4.5,20,0,1
0,"55.step",198,3037,4,17637.7,0.00239042,845.648,9,10,28.2743,0.0334351,4.5,63.6173,251,1050.5,-65,10,9,0,4.5,20,0,1
0,"55.step",199,3037,5,17637.7,0.00239042,845.648,9,10,28.2743,0.0334351,4.5,63.6173,296.962,1050.5,-45.9619,10,9,0,4.5,20,0,1
0,"55.step",200,3037,6,17637.7,0.00239042,845.648,9,10,28.2743,0.0334351,4.5,63.6173,316,1050.5,-8.48358e-13,10,9,0,4.5,20,0,1
0,"55.step",201,3068,0,1277.25,0.000173104,2128.74,1,2,1060.6,0.498229,168.8,89514.8,251,1030.5,-1.00082e-12,2,2,0,168.8,170,0,0
0,"55.step",202,3069,0,3739.82,0.000506856,2168.01,1,2,1073.17,0.495001,170.8,91648.6,251,1043.5,-1.00375e-12,2,0,0,0,0,0,0
0,"55.step",203,3071,0,3739.82,0.000506856,2168.01,1,2,1073.17,0.495001,170.8,91648.6,251,1044.7,-1.00375e-12,2,0,0,0,0,0,0
0,"55.step",204,3073,0,1324.37,0.000179491,2207.28,1,2,1099.87,0.498292,175.05,96266.3,251,1075.5,-9.96262e-13,2,2,0,175.05,176.25,0,0
0,"55.step",205,3099,0,25.1327,3.40622e-06,50.2655,1,2,21.9911,0.4375,3.5,38.4845,251,1085.5,171.75,2,1,0,3.5,3.5,0,0
0,"55.step",206,3102,0,96.2274,1.30416e-05,113.107,1,2,51.208,0.452739,8.15,208.672,251,1085.5,172.75,2,2,0,8.15,9.85153,0,0
0,"55.step",207,3112,0,167.465,2.26964e-05,77.4403,1,2,25.1327,0.324544,4,50.2655,251,1085.5,178.5,2,0,0,0,0,0,0
0,"55.step",208,3208,0,25.1327,3.40622e-06,50.2655,1,2,21.9911,0.4375,3.5,38.4845,372.446,1085.5,121.446,2,1,0,3.5,3.5,0,0
0,"55.step",209,3211,0,96.2274,1.30416e-05,113.107,1,2,51.208,0.452739,8.15,208.672,373.153,1085.5,122.153,2,2,0,8.15,9.85153,0,0
0,"55.step",210,3221,0,167.465,2.26964e-05,77.4403,1,2,25.1327,0.324544,4,50.2655,377.219,1085.5,126.219,2,0,0,0,0,0,0
0,"55.step",211,3317,0,25.1327,3.40622e-06,50.2655,1,2,21.9911,0.4375,3.5,38.4845,422.75,1085.5,-9.34332e-13,2,1,0,3.5,3.5,0,0
0,"55.step",212,3320,0,96.2274,1.30416e-05,113.107,1,2,51.208,0.452739,8.15,208.672,423.75,1085.5,-9.91164e-13,2,2,0,8.15,9.85153,0,0
0,"55.step",213,3330,0,167.465,2.26964e-05,77.4403,1,2,25.1327,0.324544,4,50.2655,429.5,1085.5,-9.43801e-13,2,0,0,0,0,0,0
0,"55.step",214,3644,0,25.1327,3.40622e-06,50.2655,1,2,21.9911,0.4375,3.5,38.4845,129.554,1085.5,-121.446,2,1,0,3.5,3.5,0,0
0,"55.step",215,3647,0,96.2274,1.30416e-05,113.107,1,2,51.208,0.452739,8.15,208.672,128.847,1085.5,-122.153,2,2,0,8.15,9.85153,0,0
0,"55.step",216,3657,0,167.465,2.26964e-05,77.4403,1,2,25.1327,0.324544,4,50.2655,124.781,1085.5,-126.219,2,0,0,0,0,0,0
0,"55.step",217,3753,0,25.1327,3.40622e-06,50.2655,1,2,21.9911,0.4375,3.5,38.4845,79.25,1085.5,1.92227e-13,2,1,0,3.5,3.5,0,0
0,"55.step",218,3756,0,96.2274,1.30416e-05,113.107,1,2,51.208,0.452739,8.15,208.672,78.25,1085.5,2.56318e-13,2,2,0,8.15,9.85153,0,0
0,"55.step",219,3766,0,167.465,2.26964e-05,77.4403,1,2,25.1327,0.324544,4,50.2655,72.5,1085.5,2.48579e-13,2,0,0,0,0,0,0
0,"55.step",220,4008,0,20.5528,2.78551e-06,34.6506,1,7,13.8564,0.399889,2.20532,15.2789,377.219,1085.5,126.219,7,0,0,0,0,0,0
0,"55.step",221,4032,0,20.5528,2.78551e-06,34.6506,1,7,13.8564,0.399889,2.20532,15.2789,124.781,1085.5,-126.219,7,0,0,0,0,0,0
0,"55.step",222,4056,0,20.5528,2.78551e-06,34.6506,1,7,13.8564,0.399889,2.20532,15.2789,251,1085.5,178.5,7,0,0,0,0,0,0
0,"55.step",223,4068,0,20.5528,2.78551e-06,34.6506,1,7,13.8564,0.399889,2.20532,15.2789,429.5,1085.5,4.01899e-14,7,0,0,0,0,0,0
0,"55.step",224,4092,0,20.5528,2.78551e-06,34.6506,1,7,13.8564,0.399889,2.20532,15.2789,72.5,1085.5,2.18352e-13,7,0,0,0,0,0,0
0,"55.step",225,4118,0,54620.6,0.0074027,1937.73,5,6,634.602,0.327497,101,32047.4,251,709.2,-6.61297e-13,6,0,0,0,0,0.666667,0
0,"55.step",226,4118,1,54620.6,0.0074027,1937.73,5,6,62.9886,0.0325064,10.025,315.729,348.227,709.2,97.2272,6,0,0,0,0,0.666667,0
0,"55.step",227,4118,2,54620.6,0.0074027,1937.73,5,6,62.9886,0.0325064,10.025,315.729,153.773,709.2,-97.2272,6,0,0,0,0,0.666667,0
0,"55.step",228,4119,0,54904.9,0.00744122,1907.58,5,6,634.602,0.332675,101,32047.4,251,708,-6.52855e-13,6,4,0,8.825,8.825,0,0
0,"55.step",229,4119,1,54904.9,0.00744122,1907.58,5,6,55.4491,0.0290679,8.825,244.669,348.227,708,-97.2272,6,4,0,8.825,8.825,0,0
0,"55.step",230,4119,3,54904.9,0.00744122,1907.58,5,6,55.4491,0.0290679,8.825,244.669,153.773,708,-97.2272,6,4,0,8.825,8.825,0,0
0,"55.step",231,4120,0,1341.33,0.00018179,2235.56,1,2,1114.01,0.498314,177.3,98756.9,251,743,-3.84727e-13,2,2,0,177.3,178.5,0,0
0,"55.step",232,4121,0,741.919,0.000100552,1236.53,1,2,614.496,0.496951,97.8,30048.8,251,673,-6.67242e-13,2,2,0,97.8,99,0,0
0,"55.step",233,4122,0,54.6637,7.40854e-06,91.1062,1,2,41.7832,0.458621,6.65,138.929,348.227,714.866,-97.2272,2,2,0,6.65,7.85,0,0
0,"55.step",234,4123,0,54.6637,7.40854e-06,91.1062,1,2,41.7832,0.458621,6.65,138.929,153.773,714.866,-97.2272,2,2,0,6.65,7.85,0,0
0,"55.step",235,4172,0,3251.55,0.00044068,2167.7,1,2,1074.42,0.495652,171,91863.3,251,1038.8,-9.81297e-13,2,1,0,171,171,0,0
0,"55.step",236,4173,0,3251.55,0.00044068,2167.7,1,2,1074.42,0.495652,171,91863.3,251,1040,-9.81297e-13,2,1,0,171,171,0,0
0,"55.step",237,4186,0,32.7982,4.44512e-06,109.327,1,2,52.7788,0.482759,8.4,221.671,52,950,-9.92857e-13,2,1,0,8.4,8.4,0,0
0,"55.step",238,4187,0,143.862,1.94975e-05,149.496,1,2,68.2483,0.456522,10.862,370.658,75,1021.44,-9.85311e-13,2,2,0,8.4,10,0,0
0,"55.step",239,4211,0,25.1327,3.40622e-06,50.2655,1,2,21.9911,0.4375,3.5,38.4845,153.773,714.75,97.2272,2,1,0,3.5,3.5,0,0
0,"55.step",240,4214,0,96.2274,1.30416e-05,113.107,1,2,51.208,0.452739,8.15,208.672,153.773,713.75,97.2272,2,2,0,8.15,9.85153,0,0
0,"55.step",241,4224,0,167.465,2.26964e-05,77.4403,1,2,25.1327,0.324544,4,50.2655,153.773,708,97.2272,2,0,0,0,0,0,0
0,"55.step",242,4320,0,25.1327,3.40622e-06,50.2655,1,2,21.9911,0.4375,3.5,38.4845,348.227,714.75,97.2272,2,1,0,3.5,3.5,0,0
0,"55.step",243,4323,0,96.2274,1.30416e-05,113.107,1,2,51.208,0.452739,8.15,208.672,348.227,713.75,97.2272,2,2,0,8.15,9.85153,0,0
0,"55.step",244,4333,0,167.465,2.26964e-05,77.4403,1,2,25.1327,0.324544,4,50.2655,348.227,708,97.2272,2,0,0,0,0,0,0
0,"55.step",245,4711,0,20.5528,2.78551e-06,34.6506,1,7,13.8564,0.399889,2.20532,15.2789,348.227,708,97.2272,7,0,0,0,0,0,0
0,"55.step",246,4735,0,20.5528,2.78551e-06,34.6506,1,7,13.8564,0.399889,2.20532,15.2789,153.773,708,97.2272,7,0,0,0,0,0,0
0,"55.step",247,4762,0,461.652,6.25674e-05,142.018,3,10,24.9757,0.175863,3.975,49.6391,381.196,971.3,146.283,10,7,4,1,6.5,0,0
0,"55.step",248,4762,1,461.652,6.25674e-05,142.018,3,10,9.89602,0.0696816,1.575,7.79311,374.479,986.3,139.565,10,7,4,1,6.5,0,1
0,"55.step",249,4762,2,461.652,6.25674e-05,142.018,3,10,8.79646,0.0619392,1.4,6.15752,379.181,965.3,144.267,10,7,4,1,6.5,0,1
0,"55.step",250,4771,0,644.089,8.7293e-05,139.146,2,6,13.823,0.0993417,2.2,15.2053,378.279,980,127.279,6,4,2,1,2.2,0,0
0,"55.step",251,4771,1,644.089,8.7293e-05,139.146,2,6,13.823,0.0993417,2.2,15.2053,378.279,962.5,127.279,6,4,2,1,2.2,0,0
0,"55.step",252,4772,0,644.089,8.7293e-05,139.146,2,6,13.823,0.0993417,2.2,15.2053,377.219,980,126.219,6,4,0,2.2,2.5,0,0
0,"55.step",253,4772,1,644.089,8.7293e-05,139.146,2,6,13.823,0.0993417,2.2,15.2053,377.219,962.5,126.219,6,4,0,2.2,2.5,0,0
0,"55.step",254,4779,0,461.652,6.25674e-05,142.018,3,10,24.9757,0.175863,3.975,49.6391,396.222,971.3,131.257,10,7,5,1,6.5,0,0
0,"55.step",255,4779,1,461.652,6.25674e-05,142.018,3,10,9.89602,0.0696816,1.575,7.79311,389.505,986.3,124.539,10,7,5,1,6.5,0,1
0,"55.step",256,4779,2,461.652,6.25674e-05,142.018,3,10,8.79646,0.0619392,1.4,6.15752,394.207,965.3,129.241,10,7,5,1,6.5,0,1
0,"55.step",257,4783,0,461.652,6.25674e-05,142.018,3,10,24.9757,0.175863,3.975,49.6391,382.257,971.3,145.222,10,7,5,1,6.5,0,0
0,"55.step",258,4783,1,461.652,6.25674e-05,142.018,3,10,9.89602,0.0696816,1.575,7.79311,375.539,986.3,138.505,10,7,5,1,6.5,0,1
0,"55.step",259,4783,2,461.652,6.25674e-05,142.018,3,10,8.79646,0.0619392,1.4,6.15752,380.241,965.3,143.207,10,7,5,1,6.5,0,1
0,"55.step",260,4790,0,461.652,6.25674e-05,142.018,3,10,24.9757,0.175863,3.975,49.6391,397.283,971.3,130.196,10,7,4,1,6.5,0,0
0,"55.step",261,4790,1,461.652,6.25674e-05,142.018,3,10,9.89602,0.0696816,1.575,7.79311,390.565,986.3,123.479,10,7,4,1,6.5,0,1
0,"55.step",262,4790,2,461.652,6.25674e-05,142.018,3,10,8.79646,0.0619392,1.4,6.15752,395.267,965.3,128.181,10,7,4,1,6.5,0,1
0,"55.step",263,4808,0,297.028,4.02561e-05,113.151,2,13,9.89602,0.0874582,1.575,7.79311,375.875,970.3,138.31,13,7,6,1,4,0,1
0,"55.step",264,4808,1,297.028,4.02561e-05,113.151,2,13,9.89602,0.0874582,1.575,7.79311,375.804,986.3,138.239,13,7,6,1,4,0,1
0,"55.step",265,4830,0,297.028,4.02561e-05,113.151,2,13,9.89602,0.0874582,1.575,7.79311,389.31,970.3,124.875,13,7,6,1,4,0,1
0,"55.step",266,4830,1,297.028,4.02561e-05,113.151,2,13,9.89602,0.0874582,1.575,7.79311,389.239,986.3,124.804,13,7,6,1,4,0,1
0,"55.step",267,4831,0,297.028,4.02561e-05,113.151,2,13,9.89602,0.0874582,1.575,7.79311,376.936,970.3,137.249,13,7,6,0.1,4,0,1
0,"55.step",268,4831,1,297.028,4.02561e-05,113.151,2,13,9.89602,0.0874582,1.575,7.79311,376.865,986.3,137.179,13,7,6,0.1,4,0,1
0,"55.step",269,4833,0,297.028,4.02561e-05,113.151,2,13,9.89602,0.0874582,1.575,7.79311,388.249,970.3,125.936,13,7,6,0.1,4,0,1
0,"55.step",270,4833,1,297.028,4.02561e-05,113.151,2,13,9.89602,0.0874582,1.575,7.79311,388.179,986.3,125.865,13,7,6,0.1,4,0,1
0,"55.step",271,4859,0,6.98075,9.46097e-07,24.7266,1,2,10.5895,0.428262,1.68537,8.92356,374.302,986.3,139.742,2,0,0,0,0,0,0
0,"55.step",272,4861,0,21.2058,2.874e-06,28.2743,1,2,9.42478,0.333333,1.5,7.06858,390.565,986.3,123.479,2,1,1,1.5,1.5,0.5,1
0,"55.step",273,4868,0,461.652,6.25674e-05,142.018,3,10,24.9757,0.175863,3.975,49.6391,120.804,971.3,-146.283,10,7,4,1,6.5,0,0
0,"55.step",274,4868,1,461.652,6.25674e-05,142.018,3,10,9.89602,0.0696816,1.575,7.79311,127.521,986.3,-139.565,10,7,4,1,6.5,0,1
0,"55.step",275,4868,2,461.652,6.25674e-05,142.018,3,10,8.79646,0.0619392,1.4,6.15752,122.819,965.3,-144.267,10,7,4,1,6.5,0,1
0,"55.step",276,4877,0,644.089,8.7293e-05,139.146,2,6,13.823,0.0993417,2.2,15.2053,123.721,980,-127.279,6,4,2,1,2.2,0,0
0,"55.step",277,4877,1,644.089,8.7293e-05,139.146,2,6,13.823,0.0993417,2.2,15.2053,123.721,962.5,-127.279,6,4,2,1,2.2,0,0
0,"55.step",278,4878,0,644.089,8.7293e-05,139.146,2,6,13.823,0.0993417,2.2,15.2053,124.781,980,-126.219,6,4,0,2.2,2.5,0,0
0,"55.step",279,4878,1,644.089,8.7293e-05,139.146,2,6,13.823,0.0993417,2.2,15.2053,124.781,962.5,-126.219,6,4,0,2.2,2.5,0,0
0,"55.step",280,4885,0,461.652,6.25674e-05,142.018,3,10,24.9757,0.175863,3.975,49.6391,105.778,971.3,-131.257,10,7,5,1,6.5,0,0
0,"55.step",281,4885,1,461.652,6.25674e-05,142.018,3,10,9.89602,0.0696816,1.575,7.79311,112.495,986.3,-124.539,10,7,5,1,6.5,0,1
0,"55.step",282,4885,2,461.652,6.25674e-05,142.018,3,10,8.79646,0.0619392,1.4,6.15752,107.793,965.3,-129.241,10,7,5,1,6.5,0,1
0,"55.step",283,4889,0,461.652,6.25674e-05,142.018,3,10,24.9757,0.175863,3.975,49.6391,119.743,971.3,-145.222,10,7,5,1,6.5,0,0
0,"55.step",284,4889,1,461.652,6.25674e-05,142.018,3,10,9.89602,0.0696816,1.575,7.79311,126.461,986.3,-138.505,10,7,5,1,6.5,0,1
0,"55.step",285,4889,2,461.652,6.25674e-05,142.018,3,10,8.79646,0.0619392,1.4,6.15752,121.759,965.3,-143.207,10,7,5,1,6.5,0,1
0,"55.step",286,4896,0,461.652,6.25674e-05,142.018,3,10,24.9757,0.175863,3.975,49.6391,104.717,971.3,-130.196,10,7,4,1,6.5,0,0
0,"55.step",287,4896,1,461.652,6.25674e-05,142.018,3,10,9.89602,0.0696816,1.575,7.79311,111.435,986.3,-123.479,10,7,4,1,6.5,0,1
0,"55.step",288,4896,2,461.652,6.25674e-05,142.018,3,10,8.79646,0.0619392,1.4,6.15752,106.733,965.3,-128.181,10,7,4,1,6.5,0,1
0,"55.step",289,4914,0,297.028,4.02561e-05,113.151,2,13,9.89602,0.0874582,1.575,7.79311,126.125,970.3,-138.31,13,7,6,1,4,0,1
0,"55.step",290,4914,1,297.028,4.02561e-05,113.151,2,13,9.89602,0.0874582,1.575,7.79311,126.196,986.3,-138.239,13,7,6,1,4,0,1
0,"55.step",291,4936,0,297.028,4.02561e-05,113.151,2,13,9.89602,0.0874582,1.575,7.79311,112.69,970.3,-124.875,13,7,6,1,4,0,1
0,"55.step",292,4936,1,297.028,4.02561e-05,113.151,2,13,9.89602,0.0874582,1.575,7.79311,112.761,986.3,-124.804,13,7,6,1,4,0,1
0,"55.step",293,4937,0,297.028,4.02561e-05,113.151,2,13,9.89602,0.0874582,1.575,7.79311,125.135,986.3,-137.179,13,7,6,0.1,4,0,1
0,"55.step",294,4937,1,297.028,4.02561e-05,113.151,2,13,9.89602,0.0874582,1.575,7.79311,125.064,970.3,-137.249,13,7,6,0.1,4,0,1
0,"55.step",295,4939,0,297.028,4.02561e-05,113.151,2,13,9.89602,0.0874582,1.575,7.79311,113.751,970.3,-125.936,13,7,6,0.1,4,0,1
0,"55.step",296,4939,1,297.028,4.02561e-05,113.151,2,13,9.89602,0.0874582,1.575,7.79311,113.821,986.3,-125.865,13,7,6,0.1,4,0,1
0,"55.step",297,4965,0,6.98075,9.46097e-07,24.7266,1,2,10.5895,0.428262,1.68537,8.92356,127.698,986.3,-139.742,2,0,0,0,0,0,0
0,"55.step",298,4967,0,21.2058,2.874e-06,28.2743,1,2,9.42478,0.333333,1.5,7.06858,111.435,986.3,-123.479,2,1,1,1.5,1.5,0.5,1
0,"55.step",299,5016,0,297.028,4.02561e-05,113.151,2,13,9.89602,0.0874582,1.575,7.79311,389.113,970.301,-124.678,13,7,6,1,4,0,1
0,"55.step",300,5038,0,297.028,4.02561e-05,113.151,2,13,9.89602,0.0874582,1.575,7.79311,375.678,970.301,-138.113,13,7,6,1,4,0,1
0,"55.step",301,5039,0,297.028,4.02561e-05,113.151,2,13,9.89602,0.0874582,1.575,7.79311,388.052,970.301,-125.738,13,7,6,0.1,4,0,1
0,"55.step",302,5041,0,297.028,4.02561e-05,113.151,2,13,9.89602,0.0874582,1.575,7.79311,376.738,970.301,-137.052,13,7,6,0.1,4,0,1
0,"55.step",303,5072,0,6.98075,9.46097e-07,24.7266,1,2,10.5895,0.428262,1.68537,8.92356,390.742,986.3,-123.302,2,0,0,0,0,0,0
0,"55.step",304,5074,0,21.2058,2.874e-06,28.2743,1,2,9.42478,0.333333,1.5,7.06858,374.479,986.3,-139.565,2,1,1,1.5,1.5,0.5,1
0,"55.step",305,5118,0,297.028,4.02561e-05,113.151,2,13,9.89602,0.0874582,1.575,7.79311,112.887,970.301,124.678,13,7,6,1,4,0,1
0,"55.step",306,5140,0,297.028,4.02561e-05,113.151,2,13,9.89602,0.0874582,1.575,7.79311,126.322,970.301,138.113,13,7,6,1,4,0,1
0,"55.step",307,5141,0,297.028,4.02561e-05,113.151,2,13,9.89602,0.0874582,1.575,7.79311,113.948,970.301,125.738,13,7,6,0.1,4,0,1
0,"55.step",308,5143,0,297.028,4.02561e-05,113.151,2,13,9.89602,0.0874582,1.575,7.79311,125.262,970.301,137.052,13,7,6,0.1,4,0,1
0,"55.step",309,5174,0,6.98075,9.46097e-07,24.7266,1,2,10.5895,0.428262,1.68537,8.92356,111.258,986.3,123.302,2,0,0,0,0,0,0
0,"55.step",310,5176,0,21.2058,2.874e-06,28.2743,1,2,9.42478,0.333333,1.5,7.06858,127.521,986.3,139.565,2,1,1,1.5,1.5,0.5,1
0,"55.step",311,5179,0,199.523,2.70412e-05,137.602,1,2,59.6903,0.43379,9.5,283.529,218,1251,93.5,2,2,0,9.5,12.4,0,0
0,"55.step",312,5180,0,71.1806,9.64706e-06,149.854,1,2,71.9425,0.480084,11.45,411.871,195.713,1251,93.5,2,2,0,11.45,12.4,0,0
0,"55.step",313,5181,0,128.342,1.73941e-05,131.633,1,2,59.6903,0.453461,9.5,283.529,207.6,1251,93.5,2,2,0,9.5,11.45,0.5,0
0,"55.step",314,5287,0,433.54,5.87574e-05,867.08,1,2,430.398,0.496377,68.5,14741.1,251,1288.5,3.58255e-11,2,2,0,68.5,69.5,0.5,0
0,"55.step",315,5288,0,716.283,9.70774e-05,238.761,1,25,100.531,0.421053,16,804.248,251,1304.5,2.16414e-11,25,9,0,16,22,0.04,0
0,"55.step",316,5466,0,608.095,8.24146e-05,349.826,1,2,163.991,0.468779,26.1,2140.08,251,1273.5,3.60999e-11,2,1,0,26.1,26.1,0,0
0,"55.step",317,5467,0,16.3677,2.2183e-06,327.354,1,2,163.363,0.49904,26,2123.72,251,1276.5,3.85404e-11,2,2,0,26,26.1,0.5,0
0,"55.step",318,5468,0,388.772,5.269e-05,311.018,1,2,147.655,0.474747,23.5,1734.94,251,1290.5,3.60381e-11,2,2,0,23.5,26,0.5,0
0,"55.step",319,5469,0,107.947,1.463e-05,271.463,1,2,133.233,0.490796,21.2047,1412.58,251,1294.5,3.59864e-11,2,0,0,0,0,0,0
0,"55.step",320,5470,0,767.331,0.000103996,204.895,1,2,78.9168,0.385158,12.56,495.598,251,1302.5,3.64048e-11,2,2,0,12.56,20.05,0.5,0
0,"55.step",321,5474,0,224.244,3.03916e-05,83.1452,1,5,16.0271,0.19276,2.55079,20.4409,184.5,1294.5,39,5,3,3,1.5,1.5,0.2,0
0,"55.step",322,5492,0,224.244,3.03916e-05,83.1452,1,5,16.0271,0.19276,2.55079,20.4409,317.5,1294.5,39,5,3,3,1.5,1.5,0.2,0
0,"55.step",323,5519,0,8089.6,0.00109638,647.168,1,6,245.044,0.378641,39,4778.36,251,1304.5,3.51256e-11,6,3,0,64,64,0,0
0,"55.step",324,5531,0,125.248,1.69748e-05,60.6239,1,5,11.6239,0.191738,1.85,10.7521,329,1289.5,-39,5,2,2,1.5,1.85,0,1
0,"55.step",325,5559,0,125.248,1.69748e-05,60.6239,1,5,11.6239,0.191738,1.85,10.7521,173,1289.5,-39,5,2,2,1.5,1.85,0,1
0,"55.step",326,5638,0,1953.27,0.000264725,1096.68,5,21,436.681,0.398186,69.5,15174.7,251,1284.5,3.5184e-11,21,5,0,69.5,71.5,0,0
0,"55.step",327,5638,1,1953.27,0.000264725,1096.68,5,21,18.2212,0.0166149,2.9,26.4208,184.5,1284.5,39,21,5,0,69.5,71.5,0,1
0,"55.step",328,5638,3,1953.27,0.000264725,1096.68,5,21,18.2212,0.0166149,2.9,26.4208,317.5,1284.5,-39,21,5,0,69.5,71.5,0,1
0,"55.step",329,5734,0,78.95,1.07e-05,57.1628,1,10,16.3133,0.285383,2.59634,21.1774,207.118,1186.88,122,10,6,2,1,5,0.6,0
0,"55.step",330,5738,0,78.95,1.07e-05,57.1628,1,10,16.3133,0.285383,2.59634,21.1774,295.118,1186.88,122,10,6,2,1,5,0.6,0
0,"55.step",331,5741,0,78.95,1.07e-05,57.1628,1,10,16.3133,0.285383,2.59634,21.1774,295.118,1274.88,122,10,6,2,1,5,0.6,0
0,"55.step",332,5744,0,78.95,1.07e-05,57.1628,1,10,16.3133,0.285383,2.59634,21.1774,207.118,1274.88,122,10,6,2,1,5,0.6,0
0,"55.step",333,5759,0,36.4111,4.93477e-06,38.3274,1,2,13.1947,0.344262,2.1,13.8544,207.586,1186.41,122.043,2,2,0,2.1,4,0.5,1
0,"55.step",334,5761,0,36.4111,4.93477e-06,38.3274,1,2,13.1947,0.344262,2.1,13.8544,295.586,1186.41,122.043,2,2,0,2.1,4,0.5,1
0,"55.step",335,5763,0,36.4111,4.93477e-06,38.3274,1,2,13.1947,0.344262,2.1,13.8544,295.586,1274.41,122.043,2,2,0,2.1,4,0.5,1
0,"55.step",336,5765,0,36.4111,4.93477e-06,38.3274,1,2,13.1947,0.344262,2.1,13.8544,207.586,1274.41,122.043,2,2,0,2.1,4,0.5,1
0,"55.step",337,5801,0,231.327,3.13516e-05,82.8319,1,5,26.2832,0.317308,4.1831,54.9726,197,1211,93.5,5,2,2,1,1,0,0
0,"55.step",338,5802,0,2086.47,0.000282777,805.717,1,24,387.416,0.480833,61.6592,11943.9,251,1231,120.5,24,12,0,4.25,5,0.333333,0
0,"55.step",339,5819,0,1938.01,0.000262657,804.243,1,24,385.941,0.479881,61.4244,11853.1,251,1231,113,24,8,0,4.25,4.25,0.333333,0
0,"55.step",340,5823,0,3073.84,0.000416596,315.832,1,5,62.8319,0.198941,10,314.159,201,1211,93.5,5,1,0,10,10,0.4,0
0,"55.step",341,5921,0,168.434,2.28278e-05,395.121,1,9,194.779,0.492959,31,3019.07,251,1092.5,3.55317e-11,9,5,0,31,31.8581,0.888889,0
0,"55.step",342,5923,0,94.879,1.28589e-05,83.8812,1,9,31.4159,0.374529,5,78.5398,290,1084.5,-66.5,9,5,1,2,80,0.444444,0
0,"55.step",343,5926,0,527.078,7.14345e-05,141.795,1,9,12.5664,0.0886238,2,12.5664,251,1085.5,-36.1974,9,0,0,0,0,0.333333,1
0,"55.step",344,5943,0,860.796,0.000116663,860.796,1,2,424.115,0.492701,67.5,14313.9,251,1092.5,3.57078e-11,2,2,0,67.5,69.5,0.5,0
0,"55.step",345,5944,0,886.321,0.000120122,211.098,1,2,79.1681,0.375031,12.6,498.759,251,1078.5,3.55655e-11,2,1,0,12.6,12.6,0,0
0,"55.step",346,5953,0,714.28,9.68059e-05,202.633,1,2,79.1681,0.390698,12.6,498.759,251,1080.5,3.55655e-11,2,1,0,12.6,12.6,0,0
0,"55.step",347,5954,0,3560.67,0.000482575,789.338,1,9,348.624,0.441667,55.4853,9671.76,251,1083.5,3.51191e-11,9,4,0,6,6,0.444444,0
0,"55.step",348,5955,0,909.274,0.000123233,294.166,1,2,127.661,0.433978,20.3179,1296.91,251,1088.99,3.47148e-11,2,0,0,0,0,0,0
0,"55.step",349,5956,0,641.314,8.69169e-05,412.848,1,2,196.664,0.476359,31.3,3077.79,251,1114,3.52338e-11,2,0,0,0,0,0,0
0,"55.step",350,5957,0,811.675,0.000110006,373.13,1,9,172.788,0.463076,27.5,2375.83,251,1090.5,3.55184e-11,9,5,0,27.5,31.8581,0.888889,0
0,"55.step",351,5971,0,1883.55,0.000255276,977.093,1,25,438.566,0.448848,69.8,15306,251,1096.5,3.50458e-11,25,12,0,2.75,79,0,0
0,"55.step",352,6004,0,10903.4,0.00147772,994.049,5,21,326.726,0.328682,52,8494.87,251,1075.5,3.55873e-11,21,17,4,2,80,0,0
0,"55.step",353,6004,1,10903.4,0.00147772,994.049,5,21,31.4159,0.031604,5,78.5398,296.962,1075.5,45.9619,21,17,4,2,80,0,1
0,"55.step",354,6004,3,10903.4,0.00147772,994.049,5,21,31.4159,0.031604,5,78.5398,205.038,1075.5,-45.9619,21,17,4,2,80,0,1
0,"55.step",355,6051,0,54.7815,7.4245e-06,48.6947,1,2,17.2788,0.354839,2.75,23.7583,212,1089.5,-66.5,2,2,0,2.75,5,0.5,0
0,"55.step",356,6053,0,54.7815,7.4245e-06,48.6947,1,2,17.2788,0.354839,2.75,23.7583,290,1089.5,-66.5,2,2,0,2.75,5,0.5,0
0,"55.step",357,6071,0,94.879,1.28589e-05,83.8812,1,9,31.4159,0.374529,5,78.5398,212,1084.5,-66.5,9,5,1,2,80,0.444444,0
0,"55.step",358,6091,0,273.562,3.70757e-05,179.385,1,2,80.1106,0.446585,12.75,510.705,179.713,1251.07,93.5858,2,1,0,15.8,15.8,0.5,0
0,"55.step",359,6092,0,162.789,2.20627e-05,132.889,1,2,58.7478,0.44208,9.35,274.646,173.113,1251.07,93.5858,2,1,0,9.35,9.35,0,0
0,"55.step",360,6098,0,434.521,5.88904e-05,190.67,1,7,77.9115,0.408619,12.4,483.051,195.713,1251,93.5,7,1,0,12.4,12.4,0,0
0,"55.step",361,6101,0,208.405,2.8245e-05,136.659,1,2,58.7478,0.429885,9.35,274.646,179.713,1251.07,93.5858,2,2,0,9.35,12.4,0.5,0
0,"55.step",362,6120,0,27.3172,3.70228e-06,47.789,1,5,18.8496,0.394433,3,28.2743,290,1104.5,-66.5,5,2,0,3,3.25,0.6,0
0,"55.step",363,6124,0,27.3439,3.70589e-06,43.8888,1,7,17.2788,0.393694,2.75,23.7583,184.5,1290,39,7,1,0,2.75,2.75,0.142857,0
0,"55.step",364,6128,0,463.018,6.27525e-05,106.608,1,5,14.6084,0.137029,2.325,16.9823,192.7,1224.5,-65,5,2,1,1,2.325,0.2,0
0,"55.step",365,6223,0,278.766,3.7781e-05,258.295,2,18,7.85398,0.030407,1.25,4.90874,223.5,1141,79,18,7,6,0.4,4,0.111111,1
0,"55.step",366,6223,1,278.766,3.7781e-05,258.295,2,18,7.85398,0.030407,1.25,4.90874,213.5,1141,79,18,7,6,0.4,4,0.111111,1
0,"55.step",367,6231,0,885.929,0.000120069,885.929,1,2,436.681,0.492908,69.5,15174.7,251,1284,3.48552e-11,2,2,0,69.5,71.5,0.5,0
0,"55.step",368,6232,0,1563.14,0.000211851,1053.15,5,27,436.681,0.414641,69.5,15174.7,251,1096.5,3.49894e-11,27,15,8,0.999953,71.5,0.037037,0
0,"55.step",369,6232,1,1563.14,0.000211851,1053.15,5,27,18.8496,0.0178982,3,28.2743,290,1096.5,66.5,27,15,8,0.999953,71.5,0.037037,1
0,"55.step",370,6232,3,1563.14,0.000211851,1053.15,5,27,18.8496,0.0178982,3,28.2743,212,1096.5,66.5,27,15,8,0.999953,71.5,0.037037,1
0,"55.step",371,6265,0,169.302,2.29453e-05,79.1564,1,7,18.8496,0.23813,3,28.2743,184.5,1283.5,-39,7,4,2,1,71.5,0.142857,0
0,"55.step",372,6279,0,169.302,2.29453e-05,79.1564,1,7,18.8496,0.23813,3,28.2743,317.5,1283.5,-39,7,4,2,0.999953,71.5,0.142857,0
0,"55.step",373,6316,0,463.018,6.27525e-05,106.608,1,5,14.6084,0.137029,2.325,16.9823,186,1183.5,58.3,5,2,1,1,2.325,0.2,0
0,"55.step",374,6320,0,463.018,6.27525e-05,106.608,1,5,14.6084,0.137029,2.325,16.9823,316,1173.5,58.3,5,2,1,1,2.325,0.2,0
0,"55.step",375,6326,0,463.018,6.27525e-05,106.608,1,5,14.6084,0.137029,2.325,16.9823,316,1214.5,58.3,5,2,1,1,2.325,0.2,0
0,"55.step",376,6337,0,278.766,3.7781e-05,258.295,2,18,7.85398,0.030407,1.25,4.90874,278.5,1141,79,18,7,6,0.4,4,0.111111,1
0,"55.step",377,6337,1,278.766,3.7781e-05,258.295,2,18,7.85398,0.030407,1.25,4.90874,288.5,1141,79,18,7,6,0.4,4,0.111111,1
0,"55.step",378,6388,0,624.357,8.46187e-05,177.569,6,18,14.4513,0.0813841,2.3,16.619,251,1237,77,18,13,6,1.85,6,0,1
0,"55.step",379,6388,1,624.357,8.46187e-05,177.569,6,18,14.4513,0.0813841,2.3,16.619,251,1217,77,18,13,6,1.85,6,0,1
0,"55.step",380,6388,2,624.357,8.46187e-05,177.569,6,18,11.6239,0.0654612,1.85,10.7521,258.6,1224.4,77,18,13,6,1.85,6,0,1
0,"55.step",381,6388,3,624.357,8.46187e-05,177.569,6,18,11.6239,0.0654612,1.85,10.7521,258.6,1239.6,77,18,13,6,1.85,6,0,1
0,"55.step",382,6388,4,624.357,8.46187e-05,177.569,6,18,11.6239,0.0654612,1.85,10.7521,243.4,1239.6,77,18,13,6,1.85,6,0,1
0,"55.step",383,6388,5,624.357,8.46187e-05,177.569,6,18,11.6239,0.0654612,1.85,10.7521,243.4,1224.4,77,18,13,6,1.85,6,0,1
0,"55.step",384,6487,0,27.3439,3.70589e-06,43.8888,1,7,17.2788,0.393694,2.75,23.7583,290,1091.25,66.5,7,1,0,2.75,2.75,0.142857,0
0,"55.step",385,6510,0,15.9521,2.16198e-06,40.1589,1,7,17.2788,0.43026,2.75,23.7583,290,1109.25,-66.5,7,2,0,2.75,3.25,0.571429,0
0,"55.step",386,6517,0,4.51604,6.12056e-07,36.1283,1,2,17.2788,0.478261,2.75,23.7583,184.5,1276,-39,2,2,0,2.75,3,1,0
0,"55.step",387,6538,0,15.9521,2.16198e-06,40.1589,1,7,17.2788,0.43026,2.75,23.7583,184.5,1272,-39,7,2,0,2.75,3.25,0.571429,0
0,"55.step",388,6564,0,27.3172,3.70228e-06,47.789,1,5,18.8496,0.394433,3,28.2743,212,1104.5,66.5,5,2,0,3,3.25,0.6,0
0,"55.step",389,6599,0,15.9521,2.16198e-06,40.1589,1,7,17.2788,0.43026,2.75,23.7583,317.5,1272,39,7,2,0,2.75,3.25,0.571429,0
0,"55.step",390,6602,0,4.51604,6.12056e-07,36.1283,1,2,17.2788,0.478261,2.75,23.7583,317.5,1276,39,2,2,0,2.75,3,1,0
0,"55.step",391,6613,0,15.9521,2.16198e-06,40.1589,1,7,17.2788,0.43026,2.75,23.7583,290,1105.25,66.5,7,2,0,2.75,3.25,0.571429,0
0,"55.step",392,6649,0,916.106,0.000124159,642.859,6,50,9.42478,0.0146607,1.5,7.06858,172,1223.46,-6.00082e-11,50,14,14,1,1.5,0.12,1
0,"55.step",393,6649,1,916.106,0.000124159,642.859,6,50,9.42478,0.0146607,1.5,7.06858,172,1173.46,-6.00081e-11,50,14,14,1,1.5,0.12,1
0,"55.step",394,6649,2,916.106,0.000124159,642.859,6,50,7.85398,0.0122173,1.25,4.90874,172,1228.46,-6.57784e-11,50,14,14,1,1.5,0.12,1
0,"55.step",395,6649,3,916.106,0.000124159,642.859,6,50,7.85398,0.0122173,1.25,4.90874,172,1218.46,-6.00075e-11,50,14,14,1,1.5,0.12,1
0,"55.step",396,6649,4,916.106,0.000124159,642.859,6,50,7.85398,0.0122173,1.25,4.90874,172,1153.46,-6.00074e-11,50,14,14,1,1.5,0.12,1
0,"55.step",397,6649,5,916.106,0.000124159,642.859,6,50,7.85398,0.0122173,1.25,4.90874,172,1163.46,-6.00055e-11,50,14,14,1,1.5,0.12,1
0,"55.step",398,6679,0,916.106,0.000124159,642.859,6,50,9.42478,0.0146607,1.5,7.06858,330,1158.46,-5.95056e-11,50,14,14,1,1.5,0.12,1
0,"55.step",399,6679,1,916.106,0.000124159,642.859,6,50,9.42478,0.0146607,1.5,7.06858,330,1208.46,-5.95057e-11,50,14,14,1,1.5,0.12,1
0,"55.step",400,6679,2,916.106,0.000124159,642.859,6,50,7.85398,0.0122173,1.25,4.90874,330,1153.46,-5.95071e-11,50,14,14,1,1.5,0.12,1
0,"55.step",401,6679,3,916.106,0.000124159,642.859,6,50,7.85398,0.0122173,1.25,4.90874,330,1163.46,-5.95091e-11,50,14,14,1,1.5,0.12,1
0,"55.step",402,6679,4,916.106,0.000124159,642.859,6,50,7.85398,0.0122173,1.25,4.90874,330,1228.46,-5.37404e-11,50,14,14,1,1.5,0.12,1
0,"55.step",403,6679,5,916.106,0.000124159,642.859,6,50,7.85398,0.0122173,1.25,4.90874,330,1218.46,-5.95053e-11,50,14,14,1,1.5,0.12,1
0,"55.step",404,6705,0,463.018,6.27525e-05,106.608,1,5,14.6084,0.137029,2.325,16.9823,192.7,1183.5,-65,5,2,1,1,2.325,0.2,0
0,"55.step",405,6706,0,463.018,6.27525e-05,106.608,1,5,14.6084,0.137029,2.325,16.9823,186,1173.5,-58.3,5,2,1,1,2.325,0.2,0
0,"55.step",406,6724,0,463.018,6.27525e-05,106.608,1,5,14.6084,0.137029,2.325,16.9823,186,1214.5,-58.3,5,2,1,1,2.325,0.2,0
0,"55.step",407,6747,0,3049.54,0.000413302,769.506,5,50,335.982,0.436621,53.4732,8983.03,251,1231.88,74.5,50,16,12,1,5,0.14,0
0,"55.step",408,6747,1,3049.54,0.000413302,769.506,5,50,11.3097,0.0146974,1.8,10.1788,216,1196,74.5,50,16,12,1,5,0.14,1
0,"55.step",409,6747,2,3049.54,0.000413302,769.506,5,50,11.3097,0.0146974,1.8,10.1788,216,1266,74.5,50,16,12,1,5,0.14,1
0,"55.step",410,6747,3,3049.54,0.000413302,769.506,5,50,11.3097,0.0146974,1.8,10.1788,286,1266,74.5,50,16,12,1,5,0.14,1
0,"55.step",411,6747,4,3049.54,0.000413302,769.506,5,50,11.3097,0.0146974,1.8,10.1788,286,1196,74.5,50,16,12,1,5,0.14,1
0,"55.step",412,6748,0,410.669,5.56577e-05,867.413,1,2,430.732,0.496571,68.5531,14764,251,1287,3.44894e-11,2,1,0,69.5,69.5,0,0
0,"55.step",413,6749,0,373.078,5.0563e-05,867.961,1,2,431.28,0.496888,68.6403,14801.6,251,1093,3.42726e-11,2,1,0,69.5,69.5,0,0
0,"55.step",414,6817,0,27.3439,3.70589e-06,43.8888,1,7,17.2788,0.393694,2.75,23.7583,212,1091.25,-66.5,7,1,0,2.75,2.75,0.142857,0
0,"55.step",415,6847,0,15.9521,2.16198e-06,40.1589,1,7,17.2788,0.43026,2.75,23.7583,212,1105.25,-66.5,7,2,0,2.75,3.25,0.571429,0
0,"55.step",416,6848,0,15.9521,2.16198e-06,40.1589,1,7,17.2788,0.43026,2.75,23.7583,212,1109.25,-66.5,7,2,0,2.75,3.25,0.571429,0
0,"55.step",417,6894,0,463.018,6.27525e-05,106.608,1,5,14.6084,0.137029,2.325,16.9823,309.3,1173.5,-65,5,2,1,1,2.325,0.2,0
0,"55.step",418,6903,0,463.018,6.27525e-05,106.608,1,5,14.6084,0.137029,2.325,16.9823,316,1183.5,-58.3,5,2,1,1,2.325,0.2,0
0,"55.step",419,6917,0,463.018,6.27525e-05,106.608,1,5,14.6084,0.137029,2.325,16.9823,316,1224.5,-58.3,5,2,1,1,2.325,0.2,0
0,"55.step",420,6936,0,463.018,6.27525e-05,106.608,1,5,14.6084,0.137029,2.325,16.9823,309.3,1214.5,-65,5,2,1,1,2.325,0.2,0
0,"55.step",421,6941,0,463.018,6.27525e-05,106.608,1,5,14.6084,0.137029,2.325,16.9823,186,1224.5,58.3,5,2,1,1,2.325,0.2,0
0,"55.step",422,6947,0,27.3439,3.70589e-06,43.8888,1,7,17.2788,0.393694,2.75,23.7583,317.5,1290,39,7,1,0,2.75,2.75,0.142857,0
0,"55.step",423,7031,0,98.9339,1.34084e-05,129.841,1,2,60.0979,0.462857,9.56488,287.414,251,1025.49,3.54468e-11,2,0,0,0,0,0.5,0
0,"55.step",424,7033,0,203.605,2.75944e-05,73.042,1,2,19.0066,0.260215,3.025,28.7475,251,987.5,3.54035e-11,2,0,0,0,0,0,0
0,"55.step",425,7037,0,87.7789,1.18966e-05,172.683,1,2,83.1476,0.481504,13.2334,550.161,251,1103.5,3.57012e-11,2,1,0,14.25,14.25,0,0
0,"55.step",426,7050,0,225.43,3.05523e-05,146.285,1,2,63.4602,0.433811,10.1,320.474,251,1255.5,3.53335e-11,2,0,0,0,0,0.5,0
0,"55.step",427,7053,0,4.2333,5.73736e-07,169.332,1,2,84.5088,0.499072,13.45,568.322,251,1225.5,3.53528e-11,2,2,0,13.45,13.5,0.5,0
0,"55.step",428,7058,0,65.3844,8.8615e-06,174.358,1,2,84.823,0.486486,13.5,572.555,251,1123.5,3.53527e-11,2,2,0,13.5,14.25,0.5,0
0,"55.step",429,7076,0,14.6989,1.99214e-06,64.1408,1,2,30.6305,0.477551,4.875,74.6619,296.962,1037.4,-45.9619,2,1,0,4.875,4.875,0,0
0,"55.step",430,7084,0,22.8772,3.10053e-06,56.1403,1,2,25.5097,0.454393,4.06,51.7848,296.962,1038.57,-45.9619,2,1,0,4.875,4.875,0.5,0
0,"55.step",431,7085,0,167.797,2.27414e-05,77.4801,1,2,25.1327,0.324377,4,50.2655,296.962,1048.5,-45.9619,2,1,0,4,4,0,0
0,"55.step",432,7136,0,14.6989,1.99214e-06,64.1408,1,2,30.6305,0.477551,4.875,74.6619,205.038,1037.4,-45.9619,2,1,0,4.875,4.875,0,0
0,"55.step",433,7144,0,22.8772,3.10053e-06,56.1403,1,2,25.5097,0.454393,4.06,51.7848,205.038,1038.57,-45.9619,2,1,0,4.875,4.875,0.5,0
0,"55.step",434,7145,0,167.797,2.27414e-05,77.4801,1,2,25.1327,0.324377,4,50.2655,205.038,1048.5,-45.9619,2,1,0,4,4,0,0
0,"55.step",435,7183,0,25.1327,3.40622e-06,50.2655,1,2,21.9911,0.4375,3.5,38.4845,106.043,971.3,-131.522,2,0,0,0,0,0,0
0,"55.step",436,7184,0,25.1327,3.40622e-06,50.2655,1,2,21.9911,0.4375,3.5,38.4845,119.478,971.3,-144.957,2,0,0,0,0,0,0
0,"55.step",437,7191,0,25.1327,3.40622e-06,50.2655,1,2,21.9911,0.4375,3.5,38.4845,382.522,971.3,144.957,2,0,0,0,0,0,0
0,"55.step",438,7192,0,25.1327,3.40622e-06,50.2655,1,2,21.9911,0.4375,3.5,38.4845,395.957,971.3,131.522,2,0,0,0,0,0,0
0,"55.step",439,7203,0,58.3282,7.90518e-06,53.4906,1,7,18.8496,0.35239,3,28.2743,381.196,971.3,146.283,7,1,0,3,3,0.142857,0
0,"55.step",440,7220,0,58.3282,7.90518e-06,53.4906,1,7,18.8496,0.35239,3,28.2743,120.804,971.3,-146.283,7,1,0,3,3,0.142857,0
0,"55.step",441,7238,0,25.9181,3.51267e-06,34.5575,1,7,12.5664,0.363636,2,12.5664,123.155,962.5,-127.845,7,0,0,0,0,0,0
0,"55.step",442,7245,0,25.9181,3.51267e-06,34.5575,1,7,12.5664,0.363636,2,12.5664,120.892,962.5,-130.108,7,1,1,2,2,0,1
0,"55.step",443,7262,0,25.9181,3.51267e-06,34.5575,1,7,12.5664,0.363636,2,12.5664,378.845,962.5,-127.845,7,0,0,0,0,0,1
0,"55.step",444,7269,0,25.9181,3.51267e-06,34.5575,1,7,12.5664,0.363636,2,12.5664,381.108,962.5,-130.108,7,1,1,2,2,0,1
0,"55.step",445,7327,0,49.0952,6.65384e-06,41.7832,1,2,13.5088,0.323308,2.15,14.522,378.845,962.5,127.845,2,2,0,2.15,4.5,0,0
0,"55.step",446,7328,0,49.0952,6.65384e-06,41.7832,1,2,13.5088,0.323308,2.15,14.522,378.279,962.5,127.279,2,2,0,2.15,4.5,0,0
0,"55.step",447,7335,0,49.0952,6.65384e-06,41.7832,1,2,13.5088,0.323308,2.15,14.522,123.155,962.5,127.845,2,2,0,2.15,4.5,0,0
0,"55.step",448,7336,0,49.0952,6.65384e-06,41.7832,1,2,13.5088,0.323308,2.15,14.522,123.721,962.5,127.279,2,2,0,2.15,4.5,0,0
0,"55.step",449,7356,0,20.4364,2.76973e-06,38.1479,1,2,15.708,0.411765,2.5,19.635,402.209,971.3,125.27,2,2,0,2.5,3.57143,0.5,0
0,"55.step",450,7357,0,9.35988,1.26854e-06,47.3632,1,2,22.4399,0.473784,3.57143,40.0713,402.94,971.3,124.539,2,1,0,3.57143,3.57143,0,0
0,"55.step",451,7363,0,50.2655,6.81245e-06,50.2655,1,7,18.8496,0.375,3,28.2743,397.283,971.3,130.196,7,1,0,3,3,0,0
0,"55.step",452,7383,0,20.4364,2.76973e-06,38.1479,1,2,15.708,0.411765,2.5,19.635,99.7911,971.3,-125.27,2,2,0,2.5,3.57143,0.5,0
0,"55.step",453,7384,0,9.35988,1.26854e-06,47.3632,1,2,22.4399,0.473784,3.57143,40.0713,99.0604,971.3,-124.539,2,1,0,3.57143,3.57143,0,0
0,"55.step",454,7390,0,50.2655,6.81245e-06,50.2655,1,7,18.8496,0.375,3,28.2743,104.717,971.3,-130.196,7,1,0,3,3,0,0
0,"55.step",455,7498,0,176.715,2.395e-05,141.372,1,2,62.8319,0.444444,10,314.159,52,970,-1.58984e-14,2,2,0,10,12.5,0,0
0,"55.step",456,7502,0,176.715,2.395e-05,141.372,1,2,62.8319,0.444444,10,314.159,204.341,376.683,101.4,2,2,0,10,12.5,0,0
