model_name,candidate_id,host_face_id,host_area,inner_loop_index,loop_edge_count,candidate_face_ids,candidate_face_areas,relative_area,candidate_surface_types,heuristic_score
245-A-10 fairchild republic stp igs_A-10_wing_rivets.step,217,6302,22.303247,1,12,F6337 F6338 F6339 F6340 F6341 F6342 F6343 F6344 F6345 F6346 F6347 F6348,1.530211 0.377893 0.257838 0.257838 0.377897 1.530213 0.891031 0.261919 0.087084 0.087079 0.261908 0.891036,0.305424,1 6 1 1 6 1 1 6 1 1 6 1,73.892
245-A-10 fairchild republic stp igs_A-10_wing_rivets.step,221,6502,22.304062,1,12,F6537 F6538 F6539 F6540 F6541 F6542 F6543 F6544 F6545 F6546 F6547 F6548,1.530211 0.377893 0.257838 0.257838 0.377897 1.530213 0.891031 0.261919 0.087084 0.087079 0.261908 0.891036,0.305413,1 6 1 1 6 1 1 6 1 1 6 1,73.892
245-A-10 fairchild republic stp igs_A-10_wing_rivets.step,66,3536,5556.634360,1,9,F3523 F3532 F3533 F3534 F3535 F3537 F3543 F3565 F3566,0.260694 9.614052 0.267774 0.040541 0.209910 11.001851 1.001383 0.100197 1.078421,0.004243,6 6 6 6 6 6 6 6 6,64.915
245-A-10 fairchild republic stp igs_A-10_wing_rivets.step,76,3824,5556.634360,1,9,F3825 F3852 F3853 F3854 F3855 F3856 F3862 F3883 F3884,0.260694 9.614052 0.267774 0.040541 0.209910 11.001851 1.001383 0.100197 1.078421,0.004243,6 6 6 6 6 6 6 6 6,64.915
245-A-10 fairchild republic stp igs_A-10_wing_rivets.step,218,6310,22.302119,1,10,F6373 F6374 F6375 F6376 F6377 F6378 F6379 F6380 F6381 F6382,0.891031 0.261963 0.174158 0.261963 0.891031 1.530213 0.377985 0.515677 0.377985 1.530213,0.305452,1 4 1 4 1 1 4 1 4 1,63.891
245-A-10 fairchild republic stp igs_A-10_wing_rivets.step,222,6510,22.302119,1,10,F6573 F6574 F6575 F6576 F6577 F6578 F6579 F6580 F6581 F6582,0.891031 0.261963 0.174158 0.261963 0.891031 1.530213 0.377985 0.515677 0.377985 1.530213,0.305452,1 4 1 4 1 1 4 1 4 1,63.891
245-A-10 fairchild republic stp igs_A-10_wing_rivets.step,230,6689,22.656489,1,9,F6802 F6803 F6804 F6805 F6806 F6807 F6808 F6809 F6810,0.192685 0.754121 0.085484 0.037193 0.037136 0.085484 0.754178 0.192596 0.210712,0.103705,1 1 6 1 1 6 1 1 6,62.926
245-A-10 fairchild republic stp igs_A-10_wing_rivets.step,242,6864,22.649753,1,9,F6977 F6978 F6979 F6980 F6981 F6982 F6983 F6984 F6985,0.192685 0.754121 0.085484 0.037193 0.037136 0.085484 0.754178 0.192596 0.210712,0.103736,1 1 6 1 1 6 1 1 6,62.925
245-A-10 fairchild republic stp igs_A-10_wing_rivets.step,231,6691,19.350204,1,9,F6784 F6785 F6786 F6787 F6788 F6789 F6790 F6791 F6792,0.036634 0.036611 0.083739 0.738426 0.191270 0.202424 0.191119 0.740742 0.083345,0.119085,1 1 6 6 6 6 6 6 6,62.618
245-A-10 fairchild republic stp igs_A-10_wing_rivets.step,243,6866,19.350204,1,9,F6959 F6960 F6961 F6962 F6963 F6964 F6965 F6966 F6967,0.036634 0.036611 0.083739 0.738426 0.191270 0.202424 0.191119 0.740742 0.083345,0.119085,1 1 6 6 6 6 6 6 6,62.618
245-A-10 fairchild republic stp igs_A-10_wing_rivets.step,68,3536,5556.634360,3,8,F3575 F3576 F3577 F3578 F3579 F3580 F3581 F3582,1.389033 17.311861 1.368174 0.311388 1.498595 20.042135 1.505417 0.317941,0.007872,6 6 6 6 6 6 6 6,59.843
245-A-10 fairchild republic stp igs_A-10_wing_rivets.step,78,3824,5556.634360,3,8,F3893 F3894 F3895 F3896 F3897 F3898 F3899 F3900,1.389033 17.311861 1.368174 0.311388 1.498595 20.042135 1.505417 0.317941,0.007872,6 6 6 6 6 6 6 6,59.843
245-A-10 fairchild republic stp igs_A-10_wing_rivets.step,69,3536,5556.634360,4,8,F3583 F3584 F3585 F3586 F3587 F3588 F3589 F3590,1.380967 18.940796 1.368105 0.453867 1.498958 21.967119 1.502467 0.459710,0.008561,6 6 6 6 6 6 6 6,59.829
245-A-10 fairchild republic stp igs_A-10_wing_rivets.step,79,3824,5556.634360,4,8,F3901 F3902 F3903 F3904 F3905 F3906 F3907 F3908,1.380967 18.940796 1.368105 0.453867 1.498958 21.967119 1.502467 0.459710,0.008561,6 6 6 6 6 6 6 6,59.829
245-A-10 fairchild republic stp igs_A-10_wing_rivets.step,67,3536,5556.634360,2,8,F3567 F3568 F3569 F3570 F3571 F3572 F3573 F3574,0.295484 1.753590 19.230379 1.684334 0.278306 1.846612 22.222109 1.879146,0.008852,6 6 6 6 6 6 6 6,59.823
245-A-10 fairchild republic stp igs_A-10_wing_rivets.step,77,3824,5556.634360,2,8,F3885 F3886 F3887 F3888 F3889 F3890 F3891 F3892,0.295484 1.753590 19.230379 1.684334 0.278306 1.846612 22.222109 1.879146,0.008852,6 6 6 6 6 6 6 6,59.823
245-A-10 fairchild republic stp igs_A-10_wing_rivets.step,345,8031,26.803932,2,8,F7959 F7960 F7961 F7962 F7963 F7964 F7965 F7966,0.432888 0.024043 0.307010 0.024030 0.432907 0.024030 0.307010 0.024043,0.058796,4 6 0 6 4 6 0 6,58.824
245-A-10 fairchild republic stp igs_A-10_wing_rivets.step,344,8031,26.803932,1,8,F7951 F7952 F7953 F7954 F7955 F7956 F7957 F7958,0.024052 0.308040 0.024050 0.432882 0.024050 0.308040 0.024052 0.432892,0.058874,6 0 6 4 6 0 6 4,58.823
245-A-10 fairchild republic stp igs_A-10_wing_rivets.step,51,3328,21.468783,2,8,F3359 F3360 F3361 F3362 F3363 F3364 F3365 F3366,0.756977 0.270828 1.838179 0.469612 1.014313 0.322187 1.858935 0.764447,0.339818,0 1 0 1 0 1 0 1,53.204
245-A-10 fairchild republic stp igs_A-10_wing_rivets.step,53,3330,21.468783,2,8,F3359 F3360 F3361 F3362 F3363 F3364 F3365 F3366,0.756977 0.270828 1.838179 0.469612 1.014313 0.322187 1.858935 0.764447,0.339818,0 1 0 1 0 1 0 1,53.204
245-A-10 fairchild republic stp igs_A-10_wing_rivets.step,63,3415,21.468783,2,8,F3379 F3380 F3381 F3382 F3383 F3384 F3385 F3386,0.764447 1.858935 0.322187 1.014313 0.469612 1.838179 0.270828 0.756977,0.339818,1 0 1 0 1 0 1 0,53.204
245-A-10 fairchild republic stp igs_A-10_wing_rivets.step,65,3417,21.468783,2,8,F3379 F3380 F3381 F3382 F3383 F3384 F3385 F3386,0.764447 1.858935 0.322187 1.014313 0.469612 1.838179 0.270828 0.756977,0.339818,1 0 1 0 1 0 1 0,53.204
245-A-10 fairchild republic stp igs_A-10_wing_rivets.step,89,4534,1082.648084,1,7,F4499 F4500 F4501 F4502 F4503 F4512,0.750236 0.750379 8.221143 4.161224 8.220417 2.728119,0.022936,6 6 6 6 6 0,51.541
245-A-10 fairchild republic stp igs_A-10_wing_rivets.step,117,4687,1082.648084,1,7,F4661 F4688 F4692 F4709 F4710 F4711,2.728119 0.750236 0.750379 8.220417 4.161224 8.221143,0.022936,0 6 6 6 6 6,51.541
245-A-10 fairchild republic stp igs_A-10_wing_rivets.step,100,4575,680.597446,5,6,F4586 F4587 F4588 F4589 F4590 F4591,0.000637 0.000638 0.000638 0.000638 0.000638 0.000637,0.000006,0 0 0 0 0 0,50.000
245-A-10 fairchild republic stp igs_A-10_wing_rivets.step,101,4575,680.597446,6,6,F4592 F4593 F4594 F4595 F4596 F4597,0.000637 0.000637 0.000637 0.000637 0.000637 0.000637,0.000006,0 0 0 0 0 0,50.000
245-A-10 fairchild republic stp igs_A-10_wing_rivets.step,109,4580,2088.054239,2,6,F4630 F4631 F4632 F4633 F4634 F4635,0.001955 0.001955 0.001955 0.001955 0.001955 0.001955,0.000006,0 0 0 0 0 0,50.000
245-A-10 fairchild republic stp igs_A-10_wing_rivets.step,113,4580,2088.054239,6,6,F4639 F4640 F4641 F4642 F4643 F4644,0.001955 0.001955 0.001955 0.001955 0.001955 0.001955,0.000006,0 0 0 0 0 0,50.000
245-A-10 fairchild republic stp igs_A-10_wing_rivets.step,92,4550,364.695147,1,4,F4555 F4556 F4557 F4558,0.551320 0.560931 0.573377 0.580230,0.006213,0 0 0 0,39.876
245-A-10 fairchild republic stp igs_A-10_wing_rivets.step,106,4578,364.695147,1,4,F4611 F4612 F4613 F4614,0.573377 0.580230 0.560931 0.551320,0.006213,0 0 0 0,39.876
245-A-10 fairchild republic stp igs_A-10_wing_rivets.step,93,4550,364.695147,2,4,F4546 F4549 F4551 F4554,0.581280 0.631255 0.631255 0.632543,0.006790,0 0 0 0,39.864
245-A-10 fairchild republic stp igs_A-10_wing_rivets.step,107,4578,364.695147,2,4,F4615 F4616 F4617 F4618,0.631255 0.632543 0.631255 0.581280,0.006790,0 0 0 0,39.864
245-A-10 fairchild republic stp igs_A-10_wing_rivets.step,72,3715,4551.799797,1,4,F3756 F3757 F3758 F3759,4.073381 61.866809 4.112685 61.868035,0.028982,1 6 1 6,39.420
245-A-10 fairchild republic stp igs_A-10_wing_rivets.step,80,4034,4551.799760,1,4,F4073 F4074 F4075 F4076,61.868035 4.112685 61.866809 4.073381,0.028982,6 1 6 1,39.420
245-A-10 fairchild republic stp igs_A-10_wing_rivets.step,71,3652,5382.945771,2,4,F3719 F3721 F3722 F3723,175.408537 175.376760 1.281799 0.462879,0.065490,0 0 8 8,38.690
245-A-10 fairchild republic stp igs_A-10_wing_rivets.step,75,3821,5382.945771,2,4,F4039 F4040 F4042 F4043,1.281799 175.376734 175.408537 0.462879,0.065490,8 0 0 8,38.690
245-A-10 fairchild republic stp igs_A-10_wing_rivets.step,70,3652,5382.945771,1,4,F3719 F3720 F3721 F3722,175.408537 1.106539 175.376760 1.281799,0.065610,0 8 0 8,38.688
245-A-10 fairchild republic stp igs_A-10_wing_rivets.step,74,3821,5382.945771,1,4,F4039 F4040 F4041 F4042,1.281799 175.376734 1.106539 175.408537,0.065610,8 0 8 0,38.688
245-A-10 fairchild republic stp igs_A-10_wing_rivets.step,44,2556,212.122869,1,4,F2663 F2664 F2665 F2666,5.270409 3.612522 3.612501 5.270409,0.083753,0 0 0 0,38.325
245-A-10 fairchild republic stp igs_A-10_wing_rivets.step,45,2561,212.122869,1,4,F2638 F2639 F2640 F2641,5.270409 3.612501 3.612522 5.270409,0.083753,0 0 0 0,38.325
245-A-10 fairchild republic stp igs_A-10_wing_rivets.step,42,2538,211.991689,1,4,F2663 F2664 F2665 F2666,5.270409 3.612522 3.612501 5.270409,0.083804,0 0 0 0,38.324
245-A-10 fairchild republic stp igs_A-10_wing_rivets.step,43,2552,211.991689,1,4,F2638 F2639 F2640 F2641,5.270409 3.612501 3.612522 5.270409,0.083804,0 0 0 0,38.324
245-A-10 fairchild republic stp igs_A-10_wing_rivets.step,324,7793,17.498631,1,4,F7776 F7777 F7778 F7779,0.455503 0.667815 0.421882 0.667814,0.126468,1 4 1 4,37.471
245-A-10 fairchild republic stp igs_A-10_wing_rivets.step,8,878,124.221679,1,4,F929 F930 F931 F932,4.535043 4.144011 4.543854 4.145880,0.139821,0 0 0 0,37.204
245-A-10 fairchild republic stp igs_A-10_wing_rivets.step,10,912,124.221679,1,4,F923 F924 F925 F933,4.144011 4.543854 4.145880 4.535043,0.139821,0 0 0 0,37.204
245-A-10 fairchild republic stp igs_A-10_wing_rivets.step,7,872,123.129018,1,4,F929 F930 F931 F932,4.535043 4.144011 4.543854 4.145880,0.141062,0 0 0 0,37.179
245-A-10 fairchild republic stp igs_A-10_wing_rivets.step,9,906,123.129005,1,4,F923 F924 F925 F933,4.144011 4.543854 4.145880 4.535043,0.141062,0 0 0 0,37.179
245-A-10 fairchild republic stp igs_A-10_wing_rivets.step,11,995,192.283880,1,4,F994 F996 F998 F1001,5.145700 8.574953 9.696382 5.000061,0.147787,0 0 0 0,37.044
245-A-10 fairchild republic stp igs_A-10_wing_rivets.step,13,1020,192.286040,1,4,F1019 F1021 F1023 F1026,9.696436 5.000177 5.145818 8.574973,0.147787,0 0 0 0,37.044
245-A-10 fairchild republic stp igs_A-10_wing_rivets.step,12,997,188.137682,1,4,F994 F996 F998 F1001,5.145700 8.574953 9.696382 5.000061,0.151044,0 0 0 0,36.979
245-A-10 fairchild republic stp igs_A-10_wing_rivets.step,14,1022,188.137616,1,4,F1019 F1021 F1023 F1026,9.696436 5.000177 5.145818 8.574973,0.151046,0 0 0 0,36.979
245-A-10 fairchild republic stp igs_A-10_wing_rivets.step,47,2929,56.765525,1,3,F2973 F2974 F2975,0.092278 0.136218 0.010759,0.004215,0 8 0,34.916
245-A-10 fairchild republic stp igs_A-10_wing_rivets.step,48,2931,55.580884,1,3,F2976 F2977 F2978,0.155624 0.235438 0.017244,0.007346,0 8 0,34.853
245-A-10 fairchild republic stp igs_A-10_wing_rivets.step,49,2932,55.526996,1,3,F2976 F2977 F2978,0.155624 0.235438 0.017244,0.007353,0 8 0,34.853
245-A-10 fairchild republic stp igs_A-10_wing_rivets.step,323,7792,13.616802,1,4,F7772 F7773 F7774 F7775,1.522381 0.597384 1.522381 0.597384,0.311346,4 1 4 1,33.773
245-A-10 fairchild republic stp igs_A-10_wing_rivets.step,269,7450,103.585798,1,2,F7451 F7452,0.267551 0.267551,0.005166,4 4,29.897
245-A-10 fairchild republic stp igs_A-10_wing_rivets.step,270,7450,103.585798,2,2,F7446 F7447,0.267551 0.267551,0.005166,4 4,29.897
245-A-10 fairchild republic stp igs_A-10_wing_rivets.step,271,7450,103.585798,3,2,F7442 F7443,0.267551 0.267551,0.005166,4 4,29.897
245-A-10 fairchild republic stp igs_A-10_wing_rivets.step,272,7450,103.585798,4,2,F7438 F7439,0.267551 0.267551,0.005166,4 4,29.897
245-A-10 fairchild republic stp igs_A-10_wing_rivets.step,273,7450,103.585798,5,2,F7434 F7435,0.267551 0.267551,0.005166,4 4,29.897
