"model_name","candidate_id","host_face_id","host_area","host_center","inner_loop_index","loop_edge_count","candidate_face_ids","candidate_face_areas","candidate_face_centers","relative_area","candidate_surface_types","heuristic_score"
"80- 777-300 SolidWorks stp igs_B777_wing_rivets.step","1","59","83358.060678","-0.679061 24.956544 -457.721515","1","4","F283 F284 F285 F286","6.200000 6.000000 6.200000 6.000000","-41.876797 13.465838 -757.581153;-41.036634 16.565838 -754.581153;-41.875225 13.465838 -751.581153;-42.715388 10.365838 -754.581153","0.000293","0 0 0 0","39.994"
"80- 777-300 SolidWorks stp igs_B777_wing_rivets.step","2","59","83358.060678","-0.679061 24.956544 -457.721515","2","4","F287 F288 F289 F290","6.200000 6.000000 6.200000 6.000000","-41.874675 13.465838 -749.481153;-41.034256 16.565838 -746.481153;-41.873103 13.465838 -743.481153;-42.713522 10.365838 -746.481153","0.000293","0 0 0 0","39.994"
"80- 777-300 SolidWorks stp igs_B777_wing_rivets.step","3","59","83358.060678","-0.679061 24.956544 -457.721515","3","4","F291 F292 F293 F294","6.200000 6.000000 6.200000 6.000000","-41.872553 13.465838 -741.381153;-41.031878 16.565838 -738.381153;-41.870981 13.465838 -735.381153;-42.711657 10.365838 -738.381153","0.000293","0 0 0 0","39.994"
"80- 777-300 SolidWorks stp igs_B777_wing_rivets.step","4","59","83358.060678","-0.679061 24.956544 -457.721515","4","4","F295 F296 F297 F298","6.200000 6.000000 6.200000 6.000000","-41.870431 13.465838 -733.281153;-41.029499 16.565838 -730.281153;-41.868859 13.465838 -727.281153;-42.709791 10.365838 -730.281153","0.000293","0 0 0 0","39.994"
"80- 777-300 SolidWorks stp igs_B777_wing_rivets.step","5","59","83358.060678","-0.679061 24.956544 -457.721515","5","4","F299 F300 F301 F302","6.200000 6.000000 6.200000 6.000000","-41.868309 13.465838 -725.181153;-41.027121 16.565838 -722.181153;-41.866737 13.465838 -719.181153;-42.707925 10.365838 -722.181153","0.000293","0 0 0 0","39.994"
"80- 777-300 SolidWorks stp igs_B777_wing_rivets.step","6","59","83358.060678","-0.679061 24.956544 -457.721515","6","4","F303 F304 F305 F306","6.200000 6.000000 6.200000 6.000000","-41.866187 13.465838 -717.081153;-41.024742 16.565838 -714.081153;-41.864614 13.465838 -711.081153;-42.706059 10.365838 -714.081153","0.000293","0 0 0 0","39.994"
"80- 777-300 SolidWorks stp igs_B777_wing_rivets.step","7","59","83358.060678","-0.679061 24.956544 -457.721515","7","4","F307 F308 F309 F310","6.200000 6.000000 6.200000 6.000000","-41.864064 13.465838 -708.981153;-41.022363 16.565838 -705.981153;-41.862492 13.465838 -702.981153;-42.704193 10.365838 -705.981153","0.000293","0 0 0 0","39.994"
"80- 777-300 SolidWorks stp igs_B777_wing_rivets.step","8","59","83358.060678","-0.679061 24.956544 -457.721515","8","4","F311 F312 F313 F314","6.200000 6.000000 6.200000 6.000000","-41.861942 13.465838 -700.881153;-41.019983 16.565838 -697.881153;-41.860369 13.465838 -694.881153;-42.702327 10.365838 -697.881153","0.000293","0 0 0 0","39.994"
"80- 777-300 SolidWorks stp igs_B777_wing_rivets.step","9","59","83358.060678","-0.679061 24.956544 -457.721515","9","4","F315 F316 F317 F318","6.200000 6.000000 6.200000 6.000000","-41.859819 13.465838 -692.781153;-41.017604 16.565838 -689.781153;-41.858246 13.465838 -686.781153;-42.700461 10.365838 -689.781153","0.000293","0 0 0 0","39.994"
"80- 777-300 SolidWorks stp igs_B777_wing_rivets.step","10","59","83358.060678","-0.679061 24.956544 -457.721515","10","4","F319 F320 F321 F322","6.200000 6.000000 6.200000 6.000000","-41.857696 13.465838 -684.681153;-41.015224 16.565838 -681.681153;-41.856123 13.465838 -678.681153;-42.698595 10.365838 -681.681153","0.000293","0 0 0 0","39.994"
"80- 777-300 SolidWorks stp igs_B777_wing_rivets.step","11","59","83358.060678","-0.679061 24.956544 -457.721515","11","4","F323 F324 F325 F326","6.200000 6.000000 6.200000 6.000000","-41.855573 13.465838 -676.581153;-41.012845 16.565838 -673.581153;-41.854000 13.465838 -670.581153;-42.696729 10.365838 -673.581153","0.000293","0 0 0 0","39.994"
"80- 777-300 SolidWorks stp igs_B777_wing_rivets.step","12","59","83358.060678","-0.679061 24.956544 -457.721515","12","4","F327 F328 F329 F330","6.200000 6.000000 6.200000 6.000000","-41.853450 13.465838 -668.481153;-41.010465 16.565838 -665.481153;-41.851877 13.465838 -662.481153;-42.694862 10.365838 -665.481153","0.000293","0 0 0 0","39.994"
"80- 777-300 SolidWorks stp igs_B777_wing_rivets.step","13","59","83358.060678","-0.679061 24.956544 -457.721515","13","4","F331 F332 F333 F334","6.200000 6.000000 6.200000 6.000000","-41.851327 13.465838 -660.381153;-41.008084 16.565838 -657.381153;-41.849754 13.465838 -654.381153;-42.692996 10.365838 -657.381153","0.000293","0 0 0 0","39.994"
"80- 777-300 SolidWorks stp igs_B777_wing_rivets.step","14","59","83358.060678","-0.679061 24.956544 -457.721515","14","4","F335 F336 F337 F338","6.200000 6.000000 6.200000 6.000000","-41.849203 13.465838 -652.281153;-41.005704 16.565838 -649.281153;-41.847630 13.465838 -646.281153;-42.691129 10.365838 -649.281153","0.000293","0 0 0 0","39.994"
"80- 777-300 SolidWorks stp igs_B777_wing_rivets.step","15","59","83358.060678","-0.679061 24.956544 -457.721515","15","4","F339 F340 F341 F342","6.200000 6.000000 6.200000 6.000000","-41.847079 13.465838 -644.181153;-41.003324 16.565838 -641.181153;-41.845506 13.465838 -638.181153;-42.689262 10.365838 -641.181153","0.000293","0 0 0 0","39.994"
"80- 777-300 SolidWorks stp igs_B777_wing_rivets.step","16","59","83358.060678","-0.679061 24.956544 -457.721515","16","4","F343 F344 F345 F346","6.200000 6.000000 6.200000 6.000000","-41.844956 13.465838 -636.081153;-41.000943 16.565838 -633.081153;-41.843383 13.465838 -630.081153;-42.687395 10.365838 -633.081153","0.000293","0 0 0 0","39.994"
"80- 777-300 SolidWorks stp igs_B777_wing_rivets.step","17","59","83358.060678","-0.679061 24.956544 -457.721515","17","4","F347 F348 F349 F350","6.200000 6.000000 6.200000 6.000000","-41.842832 13.465838 -627.981153;-40.998562 16.565838 -624.981153;-41.841259 13.465838 -621.981153;-42.685529 10.365838 -624.981153","0.000293","0 0 0 0","39.994"
"80- 777-300 SolidWorks stp igs_B777_wing_rivets.step","18","59","83358.060678","-0.679061 24.956544 -457.721515","18","4","F351 F352 F353 F354","6.200000 6.000000 6.200000 6.000000","-41.840708 13.465838 -619.881153;-40.996181 16.565838 -616.881153;-41.839134 13.465838 -613.881153;-42.683661 10.365838 -616.881153","0.000293","0 0 0 0","39.994"
"80- 777-300 SolidWorks stp igs_B777_wing_rivets.step","19","59","83358.060678","-0.679061 24.956544 -457.721515","19","4","F355 F356 F357 F358","6.200000 6.000000 6.200000 6.000000","-41.838584 13.465838 -611.781153;-40.993799 16.565838 -608.781153;-41.837010 13.465838 -605.781153;-42.681794 10.365838 -608.781153","0.000293","0 0 0 0","39.994"
"80- 777-300 SolidWorks stp igs_B777_wing_rivets.step","20","59","83358.060678","-0.679061 24.956544 -457.721515","20","4","F359 F360 F361 F362","6.200000 6.000000 6.200000 6.000000","-41.836459 13.465838 -603.681153;-40.991418 16.565838 -600.681153;-41.834886 13.465838 -597.681153;-42.679927 10.365838 -600.681153","0.000293","0 0 0 0","39.994"
"80- 777-300 SolidWorks stp igs_B777_wing_rivets.step","21","59","83358.060678","-0.679061 24.956544 -457.721515","21","4","F363 F364 F365 F366","6.200000 6.000000 6.200000 6.000000","-41.834335 13.465838 -595.581153;-40.989036 16.565838 -592.581153;-41.832761 13.465838 -589.581153;-42.678060 10.365838 -592.581153","0.000293","0 0 0 0","39.994"
"80- 777-300 SolidWorks stp igs_B777_wing_rivets.step","22","59","83358.060678","-0.679061 24.956544 -457.721515","22","4","F367 F368 F369 F370","6.200000 6.000000 6.200000 6.000000","-41.832210 13.465838 -587.481153;-40.986654 16.565838 -584.481153;-41.830636 13.465838 -581.481153;-42.676192 10.365838 -584.481153","0.000293","0 0 0 0","39.994"
"80- 777-300 SolidWorks stp igs_B777_wing_rivets.step","23","59","83358.060678","-0.679061 24.956544 -457.721515","23","4","F371 F372 F373 F374","6.200000 6.000000 6.200000 6.000000","-41.830086 13.465838 -579.381153;-40.984272 16.565838 -576.381153;-41.828512 13.465838 -573.381153;-42.674325 10.365838 -576.381153","0.000293","0 0 0 0","39.994"
"80- 777-300 SolidWorks stp igs_B777_wing_rivets.step","24","59","83358.060678","-0.679061 24.956544 -457.721515","24","4","F375 F376 F377 F378","6.200000 6.000000 6.200000 6.000000","-41.827961 13.465838 -571.281153;-40.981890 16.565838 -568.281153;-41.826387 13.465838 -565.281153;-42.672457 10.365838 -568.281153","0.000293","0 0 0 0","39.994"
"80- 777-300 SolidWorks stp igs_B777_wing_rivets.step","25","59","83358.060678","-0.679061 24.956544 -457.721515","25","4","F379 F380 F381 F382","6.200000 6.000000 6.200000 6.000000","-41.825836 13.465838 -563.181153;-40.979508 16.565838 -560.181153;-41.824261 13.465838 -557.181153;-42.670589 10.365838 -560.181153","0.000293","0 0 0 0","39.994"
"80- 777-300 SolidWorks stp igs_B777_wing_rivets.step","26","59","83358.060678","-0.679061 24.956544 -457.721515","26","4","F383 F384 F385 F386","6.200000 6.000000 6.200000 6.000000","-41.823710 13.465838 -555.081153;-40.977125 16.565838 -552.081153;-41.822136 13.465838 -549.081153;-42.668722 10.365838 -552.081153","0.000293","0 0 0 0","39.994"
"80- 777-300 SolidWorks stp igs_B777_wing_rivets.step","27","59","83358.060678","-0.679061 24.956544 -457.721515","27","4","F387 F388 F389 F390","6.200000 6.000000 6.200000 6.000000","-41.821585 13.465838 -546.981153;-40.974742 16.565838 -543.981153;-41.820011 13.465838 -540.981153;-42.666854 10.365838 -543.981153","0.000293","0 0 0 0","39.994"
"80- 777-300 SolidWorks stp igs_B777_wing_rivets.step","28","59","83358.060678","-0.679061 24.956544 -457.721515","28","4","F391 F392 F393 F394","6.200000 6.000000 6.200000 6.000000","-41.808830 13.465838 -498.381153;-40.960441 16.565838 -495.381153;-41.807255 13.465838 -492.381153;-42.655644 10.365838 -495.381153","0.000293","0 0 0 0","39.994"
"80- 777-300 SolidWorks stp igs_B777_wing_rivets.step","29","59","83358.060678","-0.679061 24.956544 -457.721515","29","4","F395 F396 F397 F398","6.200000 6.000000 6.200000 6.000000","-41.806704 13.465838 -490.281153;-40.958057 16.565838 -487.281153;-41.805129 13.465838 -484.281153;-42.653775 10.365838 -487.281153","0.000293","0 0 0 0","39.994"
"80- 777-300 SolidWorks stp igs_B777_wing_rivets.step","30","59","83358.060678","-0.679061 24.956544 -457.721515","30","4","F399 F400 F401 F402","6.200000 6.000000 6.200000 6.000000","-41.804577 13.465838 -482.181153;-40.955673 16.565838 -479.181153;-41.803002 13.465838 -476.181153;-42.651907 10.365838 -479.181153","0.000293","0 0 0 0","39.994"
"80- 777-300 SolidWorks stp igs_B777_wing_rivets.step","31","59","83358.060678","-0.679061 24.956544 -457.721515","31","4","F403 F404 F405 F406","6.200000 6.000000 6.200000 6.000000","-41.800324 13.465838 -465.981153;-40.950903 16.565838 -462.981153;-41.798748 13.465838 -459.981153;-42.648169 10.365838 -462.981153","0.000293","0 0 0 0","39.994"
"80- 777-300 SolidWorks stp igs_B777_wing_rivets.step","32","59","83358.060678","-0.679061 24.956544 -457.721515","32","4","F407 F408 F409 F410","6.200000 6.000000 6.200000 6.000000","-41.798197 13.465838 -457.881153;-40.948518 16.565838 -454.881153;-41.796621 13.465838 -451.881153;-42.646300 10.365838 -454.881153","0.000293","0 0 0 0","39.994"
"80- 777-300 SolidWorks stp igs_B777_wing_rivets.step","33","59","83358.060678","-0.679061 24.956544 -457.721515","33","4","F411 F412 F413 F414","6.200000 6.000000 6.200000 6.000000","-41.714681 13.465838 -139.304995;-40.854695 16.565838 -136.304995;-41.712752 13.465838 -133.304995;-42.572737 10.365838 -136.304995","0.000293","0 0 0 0","39.994"
"80- 777-300 SolidWorks stp igs_B777_wing_rivets.step","34","59","83358.060678","-0.679061 24.956544 -457.721515","34","4","F415 F416 F417 F418","6.200000 6.000000 6.200000 6.000000","-41.716538 13.465838 -147.304995;-40.857045 16.565838 -144.304995;-41.715092 13.465838 -141.304995;-42.574585 10.365838 -144.304995","0.000293","0 0 0 0","39.994"
"80- 777-300 SolidWorks stp igs_B777_wing_rivets.step","35","59","83358.060678","-0.679061 24.956544 -457.721515","35","4","F419 F420 F421 F422","6.200000 6.000000 6.200000 6.000000","-41.718639 13.465838 -155.304995;-40.859289 16.565838 -152.304995;-41.717059 13.465838 -149.304995;-42.576409 10.365838 -152.304995","0.000293","0 0 0 0","39.994"
"80- 777-300 SolidWorks stp igs_B777_wing_rivets.step","36","59","83358.060678","-0.679061 24.956544 -457.721515","36","4","F423 F424 F425 F426","6.200000 6.000000 6.200000 6.000000","-41.720745 13.465838 -163.304995;-40.861652 16.565838 -160.304995;-41.719165 13.465838 -157.304995;-42.578259 10.365838 -160.304995","0.000293","0 0 0 0","39.994"
"80- 777-300 SolidWorks stp igs_B777_wing_rivets.step","37","59","83358.060678","-0.679061 24.956544 -457.721515","37","4","F427 F428 F429 F430","6.200000 6.000000 6.200000 6.000000","-41.722851 13.465838 -171.304995;-40.864014 16.565838 -168.304995;-41.721272 13.465838 -165.304995;-42.580108 10.365838 -168.304995","0.000293","0 0 0 0","39.994"
"80- 777-300 SolidWorks stp igs_B777_wing_rivets.step","38","59","83358.060678","-0.679061 24.956544 -457.721515","38","4","F431 F432 F433 F434","6.200000 6.000000 6.200000 6.000000","-41.724957 13.465838 -179.304995;-40.866376 16.565838 -176.304995;-41.723378 13.465838 -173.304995;-42.581958 10.365838 -176.304995","0.000293","0 0 0 0","39.994"
"80- 777-300 SolidWorks stp igs_B777_wing_rivets.step","39","59","83358.060678","-0.679061 24.956544 -457.721515","39","4","F435 F436 F437 F438","6.200000 6.000000 6.200000 6.000000","-41.727063 13.465838 -187.304995;-40.868739 16.565838 -184.304995;-41.725483 13.465838 -181.304995;-42.583807 10.365838 -184.304995","0.000293","0 0 0 0","39.994"
"80- 777-300 SolidWorks stp igs_B777_wing_rivets.step","40","59","83358.060678","-0.679061 24.956544 -457.721515","40","4","F439 F440 F441 F442","6.200000 6.000000 6.200000 6.000000","-41.729168 13.465838 -195.304995;-40.871101 16.565838 -192.304995;-41.727589 13.465838 -189.304995;-42.585657 10.365838 -192.304995","0.000293","0 0 0 0","39.994"
"80- 777-300 SolidWorks stp igs_B777_wing_rivets.step","41","59","83358.060678","-0.679061 24.956544 -457.721515","41","4","F443 F444 F445 F446","6.200000 6.000000 6.200000 6.000000","-41.758029 13.465838 -305.014759;-40.903472 16.565838 -302.014759;-41.756451 13.465838 -299.014759;-42.611008 10.365838 -302.014759","0.000293","0 0 0 0","39.994"
"80- 777-300 SolidWorks stp igs_B777_wing_rivets.step","42","59","83358.060678","-0.679061 24.956544 -457.721515","42","4","F447 F448 F449 F450","6.200000 6.000000 6.200000 6.000000","-41.755899 13.465838 -296.914759;-40.901083 16.565838 -293.914759;-41.754321 13.465838 -290.914759;-42.609137 10.365838 -293.914759","0.000293","0 0 0 0","39.994"
"80- 777-300 SolidWorks stp igs_B777_wing_rivets.step","43","59","83358.060678","-0.679061 24.956544 -457.721515","43","4","F451 F452 F453 F454","6.200000 6.000000 6.200000 6.000000","-41.753769 13.465838 -288.814759;-40.898694 16.565838 -285.814759;-41.752191 13.465838 -282.814759;-42.607265 10.365838 -285.814759","0.000293","0 0 0 0","39.994"
"80- 777-300 SolidWorks stp igs_B777_wing_rivets.step","44","59","83358.060678","-0.679061 24.956544 -457.721515","44","4","F455 F456 F457 F458","6.200000 6.000000 6.200000 6.000000","-41.751639 13.465838 -280.714759;-40.896305 16.565838 -277.714759;-41.750061 13.465838 -274.714759;-42.605394 10.365838 -277.714759","0.000293","0 0 0 0","39.994"
"80- 777-300 SolidWorks stp igs_B777_wing_rivets.step","45","59","83358.060678","-0.679061 24.956544 -457.721515","45","4","F459 F460 F461 F462","6.200000 5.664755 6.200000 5.664755","-41.781404 13.465838 -393.947930;-40.929736 16.565838 -391.115552;-41.779915 13.465838 -388.283175;-42.631583 10.365838 -391.115552","0.000285","0 0 0 0","39.994"
"80- 777-300 SolidWorks stp igs_B777_wing_rivets.step","46","59","83358.060678","-0.679061 24.956544 -457.721515","46","4","F463 F464 F465 F466","6.200000 6.000000 6.200000 6.000000","-41.749508 13.465838 -272.614759;-40.893916 16.565838 -269.614759;-41.747930 13.465838 -266.614759;-42.603523 10.365838 -269.614759","0.000293","0 0 0 0","39.994"
"80- 777-300 SolidWorks stp igs_B777_wing_rivets.step","47","59","83358.060678","-0.679061 24.956544 -457.721515","47","4","F467 F468 F469 F470","6.200000 6.000000 6.200000 6.000000","-41.733379 13.465838 -211.304995;-40.875824 16.565838 -208.304995;-41.731800 13.465838 -205.304995;-42.589355 10.365838 -208.304995","0.000293","0 0 0 0","39.994"
"80- 777-300 SolidWorks stp igs_B777_wing_rivets.step","48","59","83358.060678","-0.679061 24.956544 -457.721515","48","4","F471 F472 F473 F474","6.200000 6.000000 6.200000 6.000000","-41.731274 13.465838 -203.304995;-40.873462 16.565838 -200.304995;-41.729695 13.465838 -197.304995;-42.587506 10.365838 -200.304995","0.000293","0 0 0 0","39.994"
"80- 777-300 SolidWorks stp igs_B777_wing_rivets.step","49","59","83358.060678","-0.679061 24.956544 -457.721515","49","4","F475 F476 F477 F478","6.200000 6.000000 6.200000 6.000000","-41.760159 13.465838 -313.114759;-40.905861 16.565838 -310.114759;-41.758581 13.465838 -307.114759;-42.612879 10.365838 -310.114759","0.000293","0 0 0 0","39.994"
"80- 777-300 SolidWorks stp igs_B777_wing_rivets.step","50","59","83358.060678","-0.679061 24.956544 -457.721515","50","4","F479 F480 F481 F482","6.200000 6.000000 6.200000 6.000000","-41.762288 13.465838 -321.214759;-40.908249 16.565838 -318.214759;-41.760711 13.465838 -315.214759;-42.614749 10.365838 -318.214759","0.000293","0 0 0 0","39.994"
"80- 777-300 SolidWorks stp igs_B777_wing_rivets.step","51","59","83358.060678","-0.679061 24.956544 -457.721515","51","4","F483 F484 F485 F486","6.200000 6.000000 6.200000 6.000000","-41.764418 13.465838 -329.314759;-40.910637 16.565838 -326.314759;-41.762840 13.465838 -323.314759;-42.616620 10.365838 -326.314759","0.000293","0 0 0 0","39.994"
"80- 777-300 SolidWorks stp igs_B777_wing_rivets.step","52","59","83358.060678","-0.679061 24.956544 -457.721515","52","4","F487 F488 F489 F490","6.200000 6.000000 6.200000 6.000000","-41.766547 13.465838 -337.414759;-40.913025 16.565838 -334.414759;-41.764970 13.465838 -331.414759;-42.618491 10.365838 -334.414759","0.000293","0 0 0 0","39.994"
"80- 777-300 SolidWorks stp igs_B777_wing_rivets.step","53","59","83358.060678","-0.679061 24.956544 -457.721515","53","4","F491 F492 F493 F494","6.200000 6.000000 6.200000 6.000000","-41.768676 13.465838 -345.514759;-40.915413 16.565838 -342.514759;-41.767099 13.465838 -339.514759;-42.620361 10.365838 -342.514759","0.000293","0 0 0 0","39.994"
"80- 777-300 SolidWorks stp igs_B777_wing_rivets.step","54","59","83358.060678","-0.679061 24.956544 -457.721515","54","4","F495 F496 F497 F498","6.200000 6.000000 6.200000 6.000000","-41.770805 13.465838 -353.614759;-40.917801 16.565838 -350.614759;-41.769228 13.465838 -347.614759;-42.622232 10.365838 -350.614759","0.000293","0 0 0 0","39.994"
"80- 777-300 SolidWorks stp igs_B777_wing_rivets.step","55","59","83358.060678","-0.679061 24.956544 -457.721515","55","4","F499 F500 F501 F502","6.200000 6.000000 6.200000 6.000000","-41.772934 13.465838 -361.714759;-40.920188 16.565838 -358.714759;-41.771357 13.465838 -355.714759;-42.624102 10.365838 -358.714759","0.000293","0 0 0 0","39.994"
"80- 777-300 SolidWorks stp igs_B777_wing_rivets.step","56","59","83358.060678","-0.679061 24.956544 -457.721515","56","4","F503 F504 F505 F506","6.200000 6.000000 6.200000 6.000000","-41.775062 13.465838 -369.814759;-40.922576 16.565838 -366.814759;-41.773486 13.465838 -363.814759;-42.625972 10.365838 -366.814759","0.000293","0 0 0 0","39.994"
"80- 777-300 SolidWorks stp igs_B777_wing_rivets.step","57","59","83358.060678","-0.679061 24.956544 -457.721515","57","4","F507 F508 F509 F510","6.200000 6.000000 6.200000 6.000000","-41.796070 13.465838 -449.781153;-40.946133 16.565838 -446.781153;-41.794494 13.465838 -443.781153;-42.644431 10.365838 -446.781153","0.000293","0 0 0 0","39.994"
"80- 777-300 SolidWorks stp igs_B777_wing_rivets.step","58","59","83358.060678","-0.679061 24.956544 -457.721515","58","4","F511 F512 F513 F514","6.200000 6.000000 6.200000 6.000000","-41.793943 13.465838 -441.681153;-40.943748 16.565838 -438.681153;-41.792367 13.465838 -435.681153;-42.642561 10.365838 -438.681153","0.000293","0 0 0 0","39.994"
"80- 777-300 SolidWorks stp igs_B777_wing_rivets.step","59","59","83358.060678","-0.679061 24.956544 -457.721515","59","4","F515 F516 F517 F518","6.200000 6.000000 6.200000 6.000000","-41.791815 13.465838 -433.581153;-40.941362 16.565838 -430.581153;-41.790239 13.465838 -427.581153;-42.640692 10.365838 -430.581153","0.000293","0 0 0 0","39.994"
"80- 777-300 SolidWorks stp igs_B777_wing_rivets.step","60","59","83358.060678","-0.679061 24.956544 -457.721515","60","4","F519 F520 F521 F522","6.200000 6.000000 6.200000 6.000000","-41.789688 13.465838 -425.481153;-40.938977 16.565838 -422.481153;-41.788112 13.465838 -419.481153;-42.638823 10.365838 -422.481153","0.000293","0 0 0 0","39.994"
"80- 777-300 SolidWorks stp igs_B777_wing_rivets.step","61","59","83358.060678","-0.679061 24.956544 -457.721515","61","4","F523 F524 F525 F526","6.200000 6.000000 6.200000 6.000000","-41.787560 13.465838 -417.381153;-40.936591 16.565838 -414.381153;-41.785984 13.465838 -411.381153;-42.636953 10.365838 -414.381153","0.000293","0 0 0 0","39.994"
"80- 777-300 SolidWorks stp igs_B777_wing_rivets.step","62","59","83358.060678","-0.679061 24.956544 -457.721515","62","4","F527 F528 F529 F530","6.200000 5.515682 6.200000 5.515682","-41.783597 13.465838 -402.295989;-40.932218 16.565838 -399.538148;-41.782148 13.465838 -396.780307;-42.633527 10.365838 -399.538148","0.000281","0 0 0 0","39.994"
"80- 777-300 SolidWorks stp igs_B777_wing_rivets.step","63","59","83358.060678","-0.679061 24.956544 -457.721515","63","4","F531 F532 F533 F534","6.200000 6.000000 6.200000 6.000000","-41.777191 13.465838 -377.914759;-40.924963 16.565838 -374.914759;-41.775614 13.465838 -371.914759;-42.627843 10.365838 -374.914759","0.000293","0 0 0 0","39.994"
"80- 777-300 SolidWorks stp igs_B777_wing_rivets.step","64","59","83358.060678","-0.679061 24.956544 -457.721515","64","4","F535 F536 F537 F538","6.200000 6.000000 6.200000 6.000000","-41.878918 13.465838 -765.681154;-41.039012 16.565838 -762.681153;-41.877347 13.465838 -759.681154;-42.717253 10.365838 -762.681153","0.000293","0 0 0 0","39.994"
"80- 777-300 SolidWorks stp igs_B777_wing_rivets.step","65","59","83358.060678","-0.679061 24.956544 -457.721515","65","4","F539 F540 F541 F542","6.200000 6.000000 6.200000 6.000000","-41.881040 13.465838 -773.781153;-41.041390 16.565838 -770.781153;-41.879468 13.465838 -767.781153;-42.719118 10.365838 -770.781153","0.000293","0 0 0 0","39.994"
"80- 777-300 SolidWorks stp igs_B777_wing_rivets.step","66","-1","83358.060678","-0.679061 24.956544 -457.721515","1","4","F70 F607 F72 F71","6.200000 6.000000 6.200000 6.000000","-41.876797 13.465838 -757.581153;-41.036634 16.565838 -754.581153;-41.875225 13.465838 -751.581153;-42.715388 10.365838 -754.581153","0.000293","0 0 0 0","mirror"
"80- 777-300 SolidWorks stp igs_B777_wing_rivets.step","67","-1","83358.060678","-0.679061 24.956544 -457.721515","2","4","F73 F606 F75 F74","6.200000 6.000000 6.200000 6.000000","-41.874675 13.465838 -749.481153;-41.034256 16.565838 -746.481153;-41.873103 13.465838 -743.481153;-42.713522 10.365838 -746.481153","0.000293","0 0 0 0","mirror"
"80- 777-300 SolidWorks stp igs_B777_wing_rivets.step","68","-1","83358.060678","-0.679061 24.956544 -457.721515","3","4","F76 F605 F78 F77","6.200000 6.000000 6.200000 6.000000","-41.872553 13.465838 -741.381153;-41.031878 16.565838 -738.381153;-41.870981 13.465838 -735.381153;-42.711657 10.365838 -738.381153","0.000293","0 0 0 0","mirror"
"80- 777-300 SolidWorks stp igs_B777_wing_rivets.step","69","-1","83358.060678","-0.679061 24.956544 -457.721515","4","4","F79 F604 F81 F80","6.200000 6.000000 6.200000 6.000000","-41.870431 13.465838 -733.281153;-41.029499 16.565838 -730.281153;-41.868859 13.465838 -727.281153;-42.709791 10.365838 -730.281153","0.000293","0 0 0 0","mirror"
"80- 777-300 SolidWorks stp igs_B777_wing_rivets.step","70","-1","83358.060678","-0.679061 24.956544 -457.721515","5","4","F82 F603 F84 F83","6.200000 6.000000 6.200000 6.000000","-41.868309 13.465838 -725.181153;-41.027121 16.565838 -722.181153;-41.866737 13.465838 -719.181153;-42.707925 10.365838 -722.181153","0.000293","0 0 0 0","mirror"
"80- 777-300 SolidWorks stp igs_B777_wing_rivets.step","71","-1","83358.060678","-0.679061 24.956544 -457.721515","6","4","F85 F602 F87 F86","6.200000 6.000000 6.200000 6.000000","-41.866187 13.465838 -717.081153;-41.024742 16.565838 -714.081153;-41.864614 13.465838 -711.081153;-42.706059 10.365838 -714.081153","0.000293","0 0 0 0","mirror"
"80- 777-300 SolidWorks stp igs_B777_wing_rivets.step","72","-1","83358.060678","-0.679061 24.956544 -457.721515","7","4","F88 F601 F90 F89","6.200000 6.000000 6.200000 6.000000","-41.864064 13.465838 -708.981153;-41.022363 16.565838 -705.981153;-41.862492 13.465838 -702.981153;-42.704193 10.365838 -705.981153","0.000293","0 0 0 0","mirror"
"80- 777-300 SolidWorks stp igs_B777_wing_rivets.step","73","-1","83358.060678","-0.679061 24.956544 -457.721515","8","4","F91 F600 F93 F92","6.200000 6.000000 6.200000 6.000000","-41.861942 13.465838 -700.881153;-41.019983 16.565838 -697.881153;-41.860369 13.465838 -694.881153;-42.702327 10.365838 -697.881153","0.000293","0 0 0 0","mirror"
"80- 777-300 SolidWorks stp igs_B777_wing_rivets.step","74","-1","83358.060678","-0.679061 24.956544 -457.721515","9","4","F94 F599 F96 F95","6.200000 6.000000 6.200000 6.000000","-41.859819 13.465838 -692.781153;-41.017604 16.565838 -689.781153;-41.858246 13.465838 -686.781153;-42.700461 10.365838 -689.781153","0.000293","0 0 0 0","mirror"
"80- 777-300 SolidWorks stp igs_B777_wing_rivets.step","75","-1","83358.060678","-0.679061 24.956544 -457.721515","10","4","F97 F598 F99 F98","6.200000 6.000000 6.200000 6.000000","-41.857696 13.465838 -684.681153;-41.015224 16.565838 -681.681153;-41.856123 13.465838 -678.681153;-42.698595 10.365838 -681.681153","0.000293","0 0 0 0","mirror"
"80- 777-300 SolidWorks stp igs_B777_wing_rivets.step","76","-1","83358.060678","-0.679061 24.956544 -457.721515","11","4","F100 F597 F102 F101","6.200000 6.000000 6.200000 6.000000","-41.855573 13.465838 -676.581153;-41.012845 16.565838 -673.581153;-41.854000 13.465838 -670.581153;-42.696729 10.365838 -673.581153","0.000293","0 0 0 0","mirror"
"80- 777-300 SolidWorks stp igs_B777_wing_rivets.step","77","-1","83358.060678","-0.679061 24.956544 -457.721515","12","4","F103 F596 F105 F104","6.200000 6.000000 6.200000 6.000000","-41.853450 13.465838 -668.481153;-41.010465 16.565838 -665.481153;-41.851877 13.465838 -662.481153;-42.694862 10.365838 -665.481153","0.000293","0 0 0 0","mirror"
"80- 777-300 SolidWorks stp igs_B777_wing_rivets.step","78","-1","83358.060678","-0.679061 24.956544 -457.721515","13","4","F106 F595 F108 F107","6.200000 6.000000 6.200000 6.000000","-41.851327 13.465838 -660.381153;-41.008084 16.565838 -657.381153;-41.849754 13.465838 -654.381153;-42.692996 10.365838 -657.381153","0.000293","0 0 0 0","mirror"
"80- 777-300 SolidWorks stp igs_B777_wing_rivets.step","79","-1","83358.060678","-0.679061 24.956544 -457.721515","14","4","F109 F594 F111 F110","6.200000 6.000000 6.200000 6.000000","-41.849203 13.465838 -652.281153;-41.005704 16.565838 -649.281153;-41.847630 13.465838 -646.281153;-42.691129 10.365838 -649.281153","0.000293","0 0 0 0","mirror"
"80- 777-300 SolidWorks stp igs_B777_wing_rivets.step","80","-1","83358.060678","-0.679061 24.956544 -457.721515","15","4","F112 F593 F114 F113","6.200000 6.000000 6.200000 6.000000","-41.847079 13.465838 -644.181153;-41.003324 16.565838 -641.181153;-41.845506 13.465838 -638.181153;-42.689262 10.365838 -641.181153","0.000293","0 0 0 0","mirror"
"80- 777-300 SolidWorks stp igs_B777_wing_rivets.step","81","-1","83358.060678","-0.679061 24.956544 -457.721515","16","4","F115 F592 F117 F116","6.200000 6.000000 6.200000 6.000000","-41.844956 13.465838 -636.081153;-41.000943 16.565838 -633.081153;-41.843383 13.465838 -630.081153;-42.687395 10.365838 -633.081153","0.000293","0 0 0 0","mirror"
"80- 777-300 SolidWorks stp igs_B777_wing_rivets.step","82","-1","83358.060678","-0.679061 24.956544 -457.721515","17","4","F118 F591 F120 F119","6.200000 6.000000 6.200000 6.000000","-41.842832 13.465838 -627.981153;-40.998562 16.565838 -624.981153;-41.841259 13.465838 -621.981153;-42.685529 10.365838 -624.981153","0.000293","0 0 0 0","mirror"
"80- 777-300 SolidWorks stp igs_B777_wing_rivets.step","83","-1","83358.060678","-0.679061 24.956544 -457.721515","18","4","F121 F590 F123 F122","6.200000 6.000000 6.200000 6.000000","-41.840708 13.465838 -619.881153;-40.996181 16.565838 -616.881153;-41.839134 13.465838 -613.881153;-42.683661 10.365838 -616.881153","0.000293","0 0 0 0","mirror"
"80- 777-300 SolidWorks stp igs_B777_wing_rivets.step","84","-1","83358.060678","-0.679061 24.956544 -457.721515","19","4","F124 F589 F126 F125","6.200000 6.000000 6.200000 6.000000","-41.838584 13.465838 -611.781153;-40.993799 16.565838 -608.781153;-41.837010 13.465838 -605.781153;-42.681794 10.365838 -608.781153","0.000293","0 0 0 0","mirror"
"80- 777-300 SolidWorks stp igs_B777_wing_rivets.step","85","-1","83358.060678","-0.679061 24.956544 -457.721515","20","4","F127 F588 F129 F128","6.200000 6.000000 6.200000 6.000000","-41.836459 13.465838 -603.681153;-40.991418 16.565838 -600.681153;-41.834886 13.465838 -597.681153;-42.679927 10.365838 -600.681153","0.000293","0 0 0 0","mirror"
"80- 777-300 SolidWorks stp igs_B777_wing_rivets.step","86","-1","83358.060678","-0.679061 24.956544 -457.721515","21","4","F130 F587 F132 F131","6.200000 6.000000 6.200000 6.000000","-41.834335 13.465838 -595.581153;-40.989036 16.565838 -592.581153;-41.832761 13.465838 -589.581153;-42.678060 10.365838 -592.581153","0.000293","0 0 0 0","mirror"
"80- 777-300 SolidWorks stp igs_B777_wing_rivets.step","87","-1","83358.060678","-0.679061 24.956544 -457.721515","22","4","F133 F586 F135 F134","6.200000 6.000000 6.200000 6.000000","-41.832210 13.465838 -587.481153;-40.986654 16.565838 -584.481153;-41.830636 13.465838 -581.481153;-42.676192 10.365838 -584.481153","0.000293","0 0 0 0","mirror"
"80- 777-300 SolidWorks stp igs_B777_wing_rivets.step","88","-1","83358.060678","-0.679061 24.956544 -457.721515","23","4","F136 F585 F138 F137","6.200000 6.000000 6.200000 6.000000","-41.830086 13.465838 -579.381153;-40.984272 16.565838 -576.381153;-41.828512 13.465838 -573.381153;-42.674325 10.365838 -576.381153","0.000293","0 0 0 0","mirror"
"80- 777-300 SolidWorks stp igs_B777_wing_rivets.step","89","-1","83358.060678","-0.679061 24.956544 -457.721515","24","4","F139 F584 F141 F140","6.200000 6.000000 6.200000 6.000000","-41.827961 13.465838 -571.281153;-40.981890 16.565838 -568.281153;-41.826387 13.465838 -565.281153;-42.672457 10.365838 -568.281153","0.000293","0 0 0 0","mirror"
"80- 777-300 SolidWorks stp igs_B777_wing_rivets.step","90","-1","83358.060678","-0.679061 24.956544 -457.721515","25","4","F142 F583 F144 F143","6.200000 6.000000 6.200000 6.000000","-41.825836 13.465838 -563.181153;-40.979508 16.565838 -560.181153;-41.824261 13.465838 -557.181153;-42.670589 10.365838 -560.181153","0.000293","0 0 0 0","mirror"
"80- 777-300 SolidWorks stp igs_B777_wing_rivets.step","91","-1","83358.060678","-0.679061 24.956544 -457.721515","26","4","F145 F582 F147 F146","6.200000 6.000000 6.200000 6.000000","-41.823710 13.465838 -555.081153;-40.977125 16.565838 -552.081153;-41.822136 13.465838 -549.081153;-42.668722 10.365838 -552.081153","0.000293","0 0 0 0","mirror"
"80- 777-300 SolidWorks stp igs_B777_wing_rivets.step","92","-1","83358.060678","-0.679061 24.956544 -457.721515","27","4","F148 F581 F150 F149","6.200000 6.000000 6.200000 6.000000","-41.821585 13.465838 -546.981153;-40.974742 16.565838 -543.981153;-41.820011 13.465838 -540.981153;-42.666854 10.365838 -543.981153","0.000293","0 0 0 0","mirror"
"80- 777-300 SolidWorks stp igs_B777_wing_rivets.step","93","-1","83358.060678","-0.679061 24.956544 -457.721515","28","4","F151 F580 F153 F152","6.200000 6.000000 6.200000 6.000000","-41.808830 13.465838 -498.381153;-40.960441 16.565838 -495.381153;-41.807255 13.465838 -492.381153;-42.655644 10.365838 -495.381153","0.000293","0 0 0 0","mirror"
"80- 777-300 SolidWorks stp igs_B777_wing_rivets.step","94","-1","83358.060678","-0.679061 24.956544 -457.721515","29","4","F154 F579 F156 F155","6.200000 6.000000 6.200000 6.000000","-41.806704 13.465838 -490.281153;-40.958057 16.565838 -487.281153;-41.805129 13.465838 -484.281153;-42.653775 10.365838 -487.281153","0.000293","0 0 0 0","mirror"
"80- 777-300 SolidWorks stp igs_B777_wing_rivets.step","95","-1","83358.060678","-0.679061 24.956544 -457.721515","30","4","F157 F578 F159 F158","6.200000 6.000000 6.200000 6.000000","-41.804577 13.465838 -482.181153;-40.955673 16.565838 -479.181153;-41.803002 13.465838 -476.181153;-42.651907 10.365838 -479.181153","0.000293","0 0 0 0","mirror"
"80- 777-300 SolidWorks stp igs_B777_wing_rivets.step","96","-1","83358.060678","-0.679061 24.956544 -457.721515","31","4","F160 F577 F162 F161","6.200000 6.000000 6.200000 6.000000","-41.800324 13.465838 -465.981153;-40.950903 16.565838 -462.981153;-41.798748 13.465838 -459.981153;-42.648169 10.365838 -462.981153","0.000293","0 0 0 0","mirror"
"80- 777-300 SolidWorks stp igs_B777_wing_rivets.step","97","-1","83358.060678","-0.679061 24.956544 -457.721515","32","4","F163 F576 F165 F164","6.200000 6.000000 6.200000 6.000000","-41.798197 13.465838 -457.881153;-40.948518 16.565838 -454.881153;-41.796621 13.465838 -451.881153;-42.646300 10.365838 -454.881153","0.000293","0 0 0 0","mirror"
"80- 777-300 SolidWorks stp igs_B777_wing_rivets.step","98","-1","83358.060678","-0.679061 24.956544 -457.721515","33","4","F259 F544 F261 F260","6.200000 6.000000 6.200000 6.000000","-41.714681 13.465838 -139.304995;-40.854695 16.565838 -136.304995;-41.712752 13.465838 -133.304995;-42.572737 10.365838 -136.304995","0.000293","0 0 0 0","mirror"
"80- 777-300 SolidWorks stp igs_B777_wing_rivets.step","99","-1","83358.060678","-0.679061 24.956544 -457.721515","34","4","F256 F545 F258 F257","6.200000 6.000000 6.200000 6.000000","-41.716538 13.465838 -147.304995;-40.857045 16.565838 -144.304995;-41.715092 13.465838 -141.304995;-42.574585 10.365838 -144.304995","0.000293","0 0 0 0","mirror"
"80- 777-300 SolidWorks stp igs_B777_wing_rivets.step","100","-1","83358.060678","-0.679061 24.956544 -457.721515","35","4","F253 F546 F255 F254","6.200000 6.000000 6.200000 6.000000","-41.718639 13.465838 -155.304995;-40.859289 16.565838 -152.304995;-41.717059 13.465838 -149.304995;-42.576409 10.365838 -152.304995","0.000293","0 0 0 0","mirror"
"80- 777-300 SolidWorks stp igs_B777_wing_rivets.step","101","-1","83358.060678","-0.679061 24.956544 -457.721515","36","4","F250 F547 F252 F251","6.200000 6.000000 6.200000 6.000000","-41.720745 13.465838 -163.304995;-40.861652 16.565838 -160.304995;-41.719165 13.465838 -157.304995;-42.578259 10.365838 -160.304995","0.000293","0 0 0 0","mirror"
"80- 777-300 SolidWorks stp igs_B777_wing_rivets.step","102","-1","83358.060678","-0.679061 24.956544 -457.721515","37","4","F247 F548 F249 F248","6.200000 6.000000 6.200000 6.000000","-41.722851 13.465838 -171.304995;-40.864014 16.565838 -168.304995;-41.721272 13.465838 -165.304995;-42.580108 10.365838 -168.304995","0.000293","0 0 0 0","mirror"
"80- 777-300 SolidWorks stp igs_B777_wing_rivets.step","103","-1","83358.060678","-0.679061 24.956544 -457.721515","38","4","F244 F549 F246 F245","6.200000 6.000000 6.200000 6.000000","-41.724957 13.465838 -179.304995;-40.866376 16.565838 -176.304995;-41.723378 13.465838 -173.304995;-42.581958 10.365838 -176.304995","0.000293","0 0 0 0","mirror"
"80- 777-300 SolidWorks stp igs_B777_wing_rivets.step","104","-1","83358.060678","-0.679061 24.956544 -457.721515","39","4","F241 F550 F243 F242","6.200000 6.000000 6.200000 6.000000","-41.727063 13.465838 -187.304995;-40.868739 16.565838 -184.304995;-41.725483 13.465838 -181.304995;-42.583807 10.365838 -184.304995","0.000293","0 0 0 0","mirror"
"80- 777-300 SolidWorks stp igs_B777_wing_rivets.step","105","-1","83358.060678","-0.679061 24.956544 -457.721515","40","4","F238 F551 F240 F239","6.200000 6.000000 6.200000 6.000000","-41.729168 13.465838 -195.304995;-40.871101 16.565838 -192.304995;-41.727589 13.465838 -189.304995;-42.585657 10.365838 -192.304995","0.000293","0 0 0 0","mirror"
"80- 777-300 SolidWorks stp igs_B777_wing_rivets.step","106","-1","83358.060678","-0.679061 24.956544 -457.721515","41","4","F214 F559 F216 F215","6.200000 6.000000 6.200000 6.000000","-41.758029 13.465838 -305.014759;-40.903472 16.565838 -302.014759;-41.756451 13.465838 -299.014759;-42.611008 10.365838 -302.014759","0.000293","0 0 0 0","mirror"
"80- 777-300 SolidWorks stp igs_B777_wing_rivets.step","107","-1","83358.060678","-0.679061 24.956544 -457.721515","42","4","F217 F558 F219 F218","6.200000 6.000000 6.200000 6.000000","-41.755899 13.465838 -296.914759;-40.901083 16.565838 -293.914759;-41.754321 13.465838 -290.914759;-42.609137 10.365838 -293.914759","0.000293","0 0 0 0","mirror"
"80- 777-300 SolidWorks stp igs_B777_wing_rivets.step","108","-1","83358.060678","-0.679061 24.956544 -457.721515","43","4","F220 F557 F222 F221","6.200000 6.000000 6.200000 6.000000","-41.753769 13.465838 -288.814759;-40.898694 16.565838 -285.814759;-41.752191 13.465838 -282.814759;-42.607265 10.365838 -285.814759","0.000293","0 0 0 0","mirror"
"80- 777-300 SolidWorks stp igs_B777_wing_rivets.step","109","-1","83358.060678","-0.679061 24.956544 -457.721515","44","4","F223 F556 F225 F224","6.200000 6.000000 6.200000 6.000000","-41.751639 13.465838 -280.714759;-40.896305 16.565838 -277.714759;-41.750061 13.465838 -274.714759;-42.605394 10.365838 -277.714759","0.000293","0 0 0 0","mirror"
"80- 777-300 SolidWorks stp igs_B777_wing_rivets.step","110","-1","83358.060678","-0.679061 24.956544 -457.721515","45","4","F184 F569 F186 F185","6.200000 5.664755 6.200000 5.664755","-41.781404 13.465838 -393.947930;-40.929736 16.565838 -391.115552;-41.779915 13.465838 -388.283175;-42.631583 10.365838 -391.115552","0.000285","0 0 0 0","mirror"
"80- 777-300 SolidWorks stp igs_B777_wing_rivets.step","111","-1","83358.060678","-0.679061 24.956544 -457.721515","46","4","F226 F555 F228 F227","6.200000 6.000000 6.200000 6.000000","-41.749508 13.465838 -272.614759;-40.893916 16.565838 -269.614759;-41.747930 13.465838 -266.614759;-42.603523 10.365838 -269.614759","0.000293","0 0 0 0","mirror"
"80- 777-300 SolidWorks stp igs_B777_wing_rivets.step","112","-1","83358.060678","-0.679061 24.956544 -457.721515","47","4","F232 F553 F234 F233","6.200000 6.000000 6.200000 6.000000","-41.733379 13.465838 -211.304995;-40.875824 16.565838 -208.304995;-41.731800 13.465838 -205.304995;-42.589355 10.365838 -208.304995","0.000293","0 0 0 0","mirror"
"80- 777-300 SolidWorks stp igs_B777_wing_rivets.step","113","-1","83358.060678","-0.679061 24.956544 -457.721515","48","4","F235 F552 F237 F236","6.200000 6.000000 6.200000 6.000000","-41.731274 13.465838 -203.304995;-40.873462 16.565838 -200.304995;-41.729695 13.465838 -197.304995;-42.587506 10.365838 -200.304995","0.000293","0 0 0 0","mirror"
"80- 777-300 SolidWorks stp igs_B777_wing_rivets.step","114","-1","83358.060678","-0.679061 24.956544 -457.721515","49","4","F211 F560 F213 F212","6.200000 6.000000 6.200000 6.000000","-41.760159 13.465838 -313.114759;-40.905861 16.565838 -310.114759;-41.758581 13.465838 -307.114759;-42.612879 10.365838 -310.114759","0.000293","0 0 0 0","mirror"
"80- 777-300 SolidWorks stp igs_B777_wing_rivets.step","115","-1","83358.060678","-0.679061 24.956544 -457.721515","50","4","F208 F561 F210 F209","6.200000 6.000000 6.200000 6.000000","-41.762288 13.465838 -321.214759;-40.908249 16.565838 -318.214759;-41.760711 13.465838 -315.214759;-42.614749 10.365838 -318.214759","0.000293","0 0 0 0","mirror"
"80- 777-300 SolidWorks stp igs_B777_wing_rivets.step","116","-1","83358.060678","-0.679061 24.956544 -457.721515","51","4","F205 F562 F207 F206","6.200000 6.000000 6.200000 6.000000","-41.764418 13.465838 -329.314759;-40.910637 16.565838 -326.314759;-41.762840 13.465838 -323.314759;-42.616620 10.365838 -326.314759","0.000293","0 0 0 0","mirror"
"80- 777-300 SolidWorks stp igs_B777_wing_rivets.step","117","-1","83358.060678","-0.679061 24.956544 -457.721515","52","4","F202 F563 F204 F203","6.200000 6.000000 6.200000 6.000000","-41.766547 13.465838 -337.414759;-40.913025 16.565838 -334.414759;-41.764970 13.465838 -331.414759;-42.618491 10.365838 -334.414759","0.000293","0 0 0 0","mirror"
"80- 777-300 SolidWorks stp igs_B777_wing_rivets.step","118","-1","83358.060678","-0.679061 24.956544 -457.721515","53","4","F199 F564 F201 F200","6.200000 6.000000 6.200000 6.000000","-41.768676 13.465838 -345.514759;-40.915413 16.565838 -342.514759;-41.767099 13.465838 -339.514759;-42.620361 10.365838 -342.514759","0.000293","0 0 0 0","mirror"
"80- 777-300 SolidWorks stp igs_B777_wing_rivets.step","119","-1","83358.060678","-0.679061 24.956544 -457.721515","54","4","F196 F565 F198 F197","6.200000 6.000000 6.200000 6.000000","-41.770805 13.465838 -353.614759;-40.917801 16.565838 -350.614759;-41.769228 13.465838 -347.614759;-42.622232 10.365838 -350.614759","0.000293","0 0 0 0","mirror"
"80- 777-300 SolidWorks stp igs_B777_wing_rivets.step","120","-1","83358.060678","-0.679061 24.956544 -457.721515","55","4","F193 F566 F195 F194","6.200000 6.000000 6.200000 6.000000","-41.772934 13.465838 -361.714759;-40.920188 16.565838 -358.714759;-41.771357 13.465838 -355.714759;-42.624102 10.365838 -358.714759","0.000293","0 0 0 0","mirror"
"80- 777-300 SolidWorks stp igs_B777_wing_rivets.step","121","-1","83358.060678","-0.679061 24.956544 -457.721515","56","4","F190 F567 F192 F191","6.200000 6.000000 6.200000 6.000000","-41.775062 13.465838 -369.814759;-40.922576 16.565838 -366.814759;-41.773486 13.465838 -363.814759;-42.625972 10.365838 -366.814759","0.000293","0 0 0 0","mirror"
"80- 777-300 SolidWorks stp igs_B777_wing_rivets.step","122","-1","83358.060678","-0.679061 24.956544 -457.721515","57","4","F166 F575 F168 F167","6.200000 6.000000 6.200000 6.000000","-41.796070 13.465838 -449.781153;-40.946133 16.565838 -446.781153;-41.794494 13.465838 -443.781153;-42.644431 10.365838 -446.781153","0.000293","0 0 0 0","mirror"
"80- 777-300 SolidWorks stp igs_B777_wing_rivets.step","123","-1","83358.060678","-0.679061 24.956544 -457.721515","58","4","F169 F574 F171 F170","6.200000 6.000000 6.200000 6.000000","-41.793943 13.465838 -441.681153;-40.943748 16.565838 -438.681153;-41.792367 13.465838 -435.681153;-42.642561 10.365838 -438.681153","0.000293","0 0 0 0","mirror"
"80- 777-300 SolidWorks stp igs_B777_wing_rivets.step","124","-1","83358.060678","-0.679061 24.956544 -457.721515","59","4","F172 F573 F174 F173","6.200000 6.000000 6.200000 6.000000","-41.791815 13.465838 -433.581153;-40.941362 16.565838 -430.581153;-41.790239 13.465838 -427.581153;-42.640692 10.365838 -430.581153","0.000293","0 0 0 0","mirror"
"80- 777-300 SolidWorks stp igs_B777_wing_rivets.step","125","-1","83358.060678","-0.679061 24.956544 -457.721515","60","4","F175 F572 F177 F176","6.200000 6.000000 6.200000 6.000000","-41.789688 13.465838 -425.481153;-40.938977 16.565838 -422.481153;-41.788112 13.465838 -419.481153;-42.638823 10.365838 -422.481153","0.000293","0 0 0 0","mirror"
"80- 777-300 SolidWorks stp igs_B777_wing_rivets.step","126","-1","83358.060678","-0.679061 24.956544 -457.721515","61","4","F178 F571 F180 F179","6.200000 6.000000 6.200000 6.000000","-41.787560 13.465838 -417.381153;-40.936591 16.565838 -414.381153;-41.785984 13.465838 -411.381153;-42.636953 10.365838 -414.381153","0.000293","0 0 0 0","mirror"
"80- 777-300 SolidWorks stp igs_B777_wing_rivets.step","127","-1","83358.060678","-0.679061 24.956544 -457.721515","62","4","F181 F570 F183 F182","6.200000 5.515682 6.200000 5.515682","-41.783597 13.465838 -402.295989;-40.932218 16.565838 -399.538148;-41.782148 13.465838 -396.780307;-42.633527 10.365838 -399.538148","0.000281","0 0 0 0","mirror"
"80- 777-300 SolidWorks stp igs_B777_wing_rivets.step","128","-1","83358.060678","-0.679061 24.956544 -457.721515","63","4","F187 F568 F189 F188","6.200000 6.000000 6.200000 6.000000","-41.777191 13.465838 -377.914759;-40.924963 16.565838 -374.914759;-41.775614 13.465838 -371.914759;-42.627843 10.365838 -374.914759","0.000293","0 0 0 0","mirror"
"80- 777-300 SolidWorks stp igs_B777_wing_rivets.step","129","-1","83358.060678","-0.679061 24.956544 -457.721515","64","4","F67 F608 F69 F68","6.200000 6.000000 6.200000 6.000000","-41.878918 13.465838 -765.681154;-41.039012 16.565838 -762.681153;-41.877347 13.465838 -759.681154;-42.717253 10.365838 -762.681153","0.000293","0 0 0 0","mirror"
"80- 777-300 SolidWorks stp igs_B777_wing_rivets.step","130","-1","83358.060678","-0.679061 24.956544 -457.721515","65","4","F64 F609 F66 F65","6.200000 6.000000 6.200000 6.000000","-41.881040 13.465838 -773.781153;-41.041390 16.565838 -770.781153;-41.879468 13.465838 -767.781153;-42.719118 10.365838 -770.781153","0.000293","0 0 0 0","mirror"
